	27622715.filtered	Bnigra_C2.v1.genes.filtered	Bnigra_NI100.v2.genes.filtered	BoleraceaHDEM_annotation.filtered	GCA_000751015.1_AST_PRJEB5043_v1_genomic.filtered	GCA_003260655.2_B_cretica_A_v2_genomic.filtered	GCA_003260675.2_B_cretica_D_v2_genomic.filtered	GCA_003434825.1_Brassica_rapa_FPsc_v1.3_genomic.filtered	GCA_016771965.1_ASM1677196v1_genomic.filtered	GCA_017639395.1_SCU_BraROA_2.3_genomic.filtered	GCA_038677285.1_ASM3867728v1_genomic.filtered	GCA_040550855.1_C4012_genomic.filtered	GCA_040584065.1_ASM4058406v1_genomic.filtered	GCA_900412535.3_brapa_z1_v2_genomic.filtered	GCA_905183035.1_bnapus_darmor_bzh_v10_genomic.filtered	GCF_000309985.2_CAAS_Brap_v3.01_genomic.filtered	GCF_000695525.1_BOL_genomic.filtered	GCF_020379485.1_Da-Ae_genomic.filtered	GWHAASO00000000.filtered	GWHAAZX00000000.filtered	GWHBJSH00000000.filtered	GWHBKKZ00000000.filtered	GWHBKLA00000000.filtered	GWHCAYN00000000.filtered	GWHDTWV00000000.filtered	GWHDTWX00000000.filtered	GWHDTYA00000000.filtered	GWHDTYD00000000.filtered	GWHDTYE00000000.filtered	GWHDTYG00000000.filtered	GWHDTYH00000000.filtered	GWHDTYJ00000000.filtered	GWHDTYK00000000.filtered	GWHDTYL00000000.filtered	GWHDTYM00000000.filtered	GWHDTZU00000000.filtered	GWHDTZV00000000.filtered	GWHDUBH00000000.filtered	GWHDUBI00000000.filtered	GWHDUBJ00000000.filtered	GWHDUBL00000000.filtered	GWHDUBM00000000.filtered	GWHDUBP00000000.filtered	GWHDUBR00000000.filtered	GWHDUBS00000000.filtered	GWHDUBT00000000.filtered	GWHEQVE00000000.filtered	GWHEQVJ00000000.filtered	GWHEQVL00000000.filtered	GWHEQVM00000000.filtered	GWHEQVN00000000.filtered	GWHEQVO00000000.filtered	GWHERGL00000000.filtered	GWHERGM00000000.filtered	GWHFIKA00000000.1.filtered	GWHFQTP00000000.1.filtered	OX_heart.filtered
Number of gene	60250.0	65439.0	58814.0	59254.0	2901.0	63131.0	62722.0	39696.0	96708.0	22806.0	124769.0	103715.0	102226.0	2478.0	13588.0	1100.0	985.0	2594.0	59060.0	45960.0	57983.0	53879.0	59398.0	86338.0	53330.0	52455.0	52963.0	51824.0	52323.0	52557.0	53402.0	51047.0	50938.0	52658.0	50754.0	51551.0	52874.0	53408.0	52606.0	52055.0	52704.0	53089.0	54905.0	52713.0	51515.0	50342.0	52872.0	53133.0	51763.0	52848.0	52139.0	52059.0	49083.0	49108.0	84648.0	95205.0	61869.0
Number of mrna	60250.0	65439.0	58814.0	59254.0	99955.0	63131.0	62722.0	39696.0	96708.0	43070.0	124769.0	103731.0	102246.0	91290.0	188817.0	41359.0	43679.0	90785.0	59060.0	45960.0	57983.0	53879.0	59398.0	86338.0	53330.0	52455.0	52963.0	51824.0	52323.0	52557.0	53402.0	51047.0	50938.0	52658.0	50754.0	51551.0	52874.0	53408.0	52606.0	52055.0	52704.0	53089.0	54905.0	52713.0	51515.0	50342.0	52872.0	53133.0	51763.0	52848.0	52139.0	52059.0	49083.0	49108.0	84648.0	95205.0	61869.0
Number of mrnas with utr both sides	25783.0	0.0	0.0	0.0	1195.0	15.0	13.0	25091.0	0.0	14598.0	46033.0	0.0	0.0	337.0	8096.0	36928.0	32532.0	74891.0	0.0	1409.0	27356.0	0.0	18652.0	48668.0	0.0	0.0	0.0	0.0	0.0	0.0	0.0	0.0	0.0	0.0	0.0	0.0	0.0	0.0	0.0	0.0	0.0	0.0	0.0	0.0	0.0	0.0	0.0	0.0	0.0	0.0	0.0	0.0	0.0	0.0	22800.0	26558.0	23720.0
Number of mrnas with at least one utr	28270.0	0.0	0.0	0.0	2901.0	470.0	571.0	27482.0	0.0	22806.0	54783.0	0.0	0.0	2478.0	13588.0	38436.0	36129.0	78743.0	0.0	1409.0	36138.0	0.0	21642.0	53037.0	0.0	0.0	0.0	0.0	0.0	0.0	0.0	0.0	0.0	0.0	0.0	0.0	0.0	0.0	0.0	0.0	0.0	0.0	0.0	0.0	0.0	0.0	0.0	0.0	0.0	0.0	0.0	0.0	0.0	0.0	38557.0	31825.0	24543.0
Number of cds	60250.0	65439.0	58814.0	59254.0	54175.0	63131.0	62722.0	39696.0	96708.0	43070.0	124769.0	103731.0	102246.0	51245.0	105723.0	41359.0	43679.0	90785.0	59060.0	45960.0	57983.0	53879.0	59398.0	86338.0	53330.0	52455.0	52963.0	51824.0	52323.0	52557.0	53402.0	51047.0	50938.0	52658.0	50754.0	51551.0	52874.0	53408.0	52606.0	52055.0	52704.0	53089.0	54905.0	52713.0	51515.0	50342.0	52872.0	53133.0	51763.0	52848.0	52139.0	52059.0	49083.0	49108.0	84648.0	95205.0	61869.0
Number of exon	271677.0	289983.0	258252.0	260584.0	4603.0	251235.0	240988.0	204126.0	445096.0	47667.0	566605.0	474211.0	474211.0	3339.0	24466.0	1172.0	1044.0	2759.0	293273.0	242640.0	295849.0	251089.0	287794.0	442292.0	260180.0	258296.0	257084.0	253328.0	255845.0	255220.0	260652.0	243718.0	243822.0	259490.0	242478.0	245512.0	257746.0	258583.0	256657.0	254257.0	258497.0	259281.0	267874.0	257747.0	252095.0	239604.0	233251.0	237328.0	236529.0	235496.0	237065.0	231684.0	236859.0	238268.0	422146.0	486289.0	274992.0
Number of five_prime_utr	26390.0	0.0	0.0	0.0	1807.0	226.0	240.0	26107.0	0.0	18037.0	48660.0	0.0	0.0	1379.0	10871.0	37259.0	34228.0	75979.0	0.0	1409.0	30212.0	0.0	19614.0	50331.0	0.0	0.0	0.0	0.0	0.0	0.0	0.0	0.0	0.0	0.0	0.0	0.0	0.0	0.0	0.0	0.0	0.0	0.0	0.0	0.0	0.0	0.0	0.0	0.0	0.0	0.0	0.0	0.0	0.0	0.0	28724.0	27753.0	23786.0
Number of three_prime_utr	27663.0	0.0	0.0	0.0	2289.0	259.0	344.0	26466.0	0.0	19367.0	52156.0	0.0	0.0	1436.0	10813.0	38105.0	34433.0	77655.0	0.0	1409.0	33282.0	0.0	20680.0	51374.0	0.0	0.0	0.0	0.0	0.0	0.0	0.0	0.0	0.0	0.0	0.0	0.0	0.0	0.0	0.0	0.0	0.0	0.0	0.0	0.0	0.0	0.0	0.0	0.0	0.0	0.0	0.0	0.0	0.0	0.0	32633.0	30630.0	24477.0
Number of exon in cds	264028.0	289983.0	258252.0	260584.0	271437.0	250612.0	240171.0	196733.0	445096.0	246668.0	547219.0	474211.0	474211.0	237681.0	488332.0	208245.0	215322.0	439847.0	293273.0	242640.0	270667.0	251089.0	282490.0	428431.0	260180.0	258296.0	257084.0	253328.0	255845.0	255220.0	260652.0	243718.0	243822.0	259490.0	242478.0	245512.0	257746.0	258583.0	256657.0	254257.0	258497.0	259281.0	267874.0	257747.0	252095.0	239604.0	233251.0	237328.0	236529.0	235496.0	237065.0	231684.0	236859.0	238268.0	413484.0	478728.0	267988.0
Number of exon in five_prime_utr	31968.0	0.0	0.0	0.0	2221.0	637.0	741.0	31758.0	0.0	23472.0	61891.0	0.0	0.0	1632.0	12296.0	45963.0	41821.0	92575.0	0.0	1409.0	44596.0	0.0	23571.0	60196.0	0.0	0.0	0.0	0.0	0.0	0.0	0.0	0.0	0.0	0.0	0.0	0.0	0.0	0.0	0.0	0.0	0.0	0.0	0.0	0.0	0.0	0.0	0.0	0.0	0.0	0.0	0.0	0.0	0.0	0.0	34821.0	32687.0	29010.0
Number of exon in three_prime_utr	29559.0	0.0	0.0	0.0	2382.0	469.0	659.0	28021.0	0.0	24195.0	57980.0	0.0	0.0	1707.0	12170.0	41698.0	36402.0	83160.0	0.0	1409.0	43775.0	0.0	21896.0	55133.0	0.0	0.0	0.0	0.0	0.0	0.0	0.0	0.0	0.0	0.0	0.0	0.0	0.0	0.0	0.0	0.0	0.0	0.0	0.0	0.0	0.0	0.0	0.0	0.0	0.0	0.0	0.0	0.0	0.0	0.0	35026.0	33108.0	26093.0
Number of intron in cds	203778.0	224544.0	199438.0	201330.0	217262.0	187481.0	177449.0	157037.0	348388.0	203598.0	422450.0	370480.0	371965.0	186436.0	382609.0	166886.0	171643.0	349062.0	234213.0	196680.0	212684.0	197210.0	223092.0	342093.0	206850.0	205841.0	204121.0	201504.0	203522.0	202663.0	207250.0	192671.0	192884.0	206832.0	191724.0	193961.0	204872.0	205175.0	204051.0	202202.0	205793.0	206192.0	212969.0	205034.0	200580.0	189262.0	180379.0	184195.0	184766.0	182648.0	184926.0	179625.0	187776.0	189160.0	328836.0	383523.0	206119.0
Number of intron in exon	211427.0	224544.0	199438.0	201330.0	1702.0	188104.0	178266.0	164430.0	348388.0	24861.0	441836.0	370480.0	371965.0	861.0	10878.0	72.0	59.0	165.0	234213.0	196680.0	237866.0	197210.0	228396.0	355954.0	206850.0	205841.0	204121.0	201504.0	203522.0	202663.0	207250.0	192671.0	192884.0	206832.0	191724.0	193961.0	204872.0	205175.0	204051.0	202202.0	205793.0	206192.0	212969.0	205034.0	200580.0	189262.0	180379.0	184195.0	184766.0	182648.0	184926.0	179625.0	187776.0	189160.0	337498.0	391084.0	213123.0
Number of intron in five_prime_utr	5578.0	0.0	0.0	0.0	414.0	411.0	501.0	5651.0	0.0	5435.0	13231.0	0.0	0.0	253.0	1425.0	8704.0	7593.0	16596.0	0.0	0.0	14384.0	0.0	3957.0	9865.0	0.0	0.0	0.0	0.0	0.0	0.0	0.0	0.0	0.0	0.0	0.0	0.0	0.0	0.0	0.0	0.0	0.0	0.0	0.0	0.0	0.0	0.0	0.0	0.0	0.0	0.0	0.0	0.0	0.0	0.0	6097.0	4934.0	5224.0
Number of intron in three_prime_utr	1896.0	0.0	0.0	0.0	93.0	210.0	315.0	1555.0	0.0	4828.0	5824.0	0.0	0.0	271.0	1357.0	3593.0	1969.0	5505.0	0.0	0.0	10493.0	0.0	1216.0	3759.0	0.0	0.0	0.0	0.0	0.0	0.0	0.0	0.0	0.0	0.0	0.0	0.0	0.0	0.0	0.0	0.0	0.0	0.0	0.0	0.0	0.0	0.0	0.0	0.0	0.0	0.0	0.0	0.0	0.0	0.0	2393.0	2478.0	1616.0
Number gene overlapping	2240.0	217.0	16.0	191.0	0.0	271.0	275.0	806.0	0.0	421.0	3767.0	0.0	0.0	14.0	47.0	0.0	0.0	0.0	563.0	800.0	1782.0	0.0	752.0	23.0	0.0	0.0	0.0	0.0	0.0	0.0	0.0	0.0	0.0	0.0	0.0	0.0	0.0	0.0	0.0	0.0	0.0	0.0	0.0	0.0	0.0	0.0	94.0	78.0	79.0	100.0	78.0	98.0	688.0	603.0	925.0	3507.0	2307.0
Number of single exon gene	10216.0	14084.0	15024.0	14849.0	1545.0	15993.0	16518.0	7280.0	23370.0	6798.0	19836.0	23710.0	22799.0	1825.0	4706.0	1028.0	926.0	2429.0	7833.0	5120.0	5340.0	12945.0	10797.0	19066.0	11144.0	10779.0	11068.0	10751.0	10819.0	10912.0	10982.0	11243.0	11314.0	10931.0	11329.0	11244.0	11063.0	11291.0	11025.0	10844.0	10850.0	11161.0	11195.0	10899.0	10751.0	11149.0	14539.0	13748.0	12577.0	13073.0	12833.0	13765.0	10225.0	9311.0	16869.0	9284.0	11497.0
Number of single exon mrna	10216.0	14084.0	15024.0	14849.0	55268.0	15993.0	16518.0	7280.0	23370.0	3791.0	19836.0	23712.0	22803.0	51772.0	106733.0	7043.0	8172.0	18218.0	7833.0	5120.0	5340.0	12945.0	10797.0	19066.0	11144.0	10779.0	11068.0	10751.0	10819.0	10912.0	10982.0	11243.0	11314.0	10931.0	11329.0	11244.0	11063.0	11291.0	11025.0	10844.0	10850.0	11161.0	11195.0	10899.0	10751.0	11149.0	14539.0	13748.0	12577.0	13073.0	12833.0	13765.0	10225.0	9311.0	16869.0	9284.0	11497.0
mean mrnas per gene	1.0	1.0	1.0	1.0	1.0	1.0	1.0	1.0	1.0	1.0	1.0	1.0	1.0	1.0	1.0	1.0	1.0	1.0	1.0	1.0	1.0	1.0	1.0	1.0	1.0	1.0	1.0	1.0	1.0	1.0	1.0	1.0	1.0	1.0	1.0	1.0	1.0	1.0	1.0	1.0	1.0	1.0	1.0	1.0	1.0	1.0	1.0	1.0	1.0	1.0	1.0	1.0	1.0	1.0	1.0	1.0	1.0
mean cdss per mrna	1.0	1.0	1.0	1.0	0.5	1.0	1.0	1.0	1.0	1.0	1.0	1.0	1.0	0.6	0.6	1.0	1.0	1.0	1.0	1.0	1.0	1.0	1.0	1.0	1.0	1.0	1.0	1.0	1.0	1.0	1.0	1.0	1.0	1.0	1.0	1.0	1.0	1.0	1.0	1.0	1.0	1.0	1.0	1.0	1.0	1.0	1.0	1.0	1.0	1.0	1.0	1.0	1.0	1.0	1.0	1.0	1.0
mean exons per mrna	4.5	4.4	4.4	4.4	3.2	4.0	3.8	5.1	4.6	5.7	4.5	4.6	4.6	3.1	3.1	5.3	5.2	5.1	5.0	5.3	5.1	4.7	4.8	5.1	4.9	4.9	4.9	4.9	4.9	4.9	4.9	4.8	4.8	4.9	4.8	4.8	4.9	4.8	4.9	4.9	4.9	4.9	4.9	4.9	4.9	4.8	4.4	4.5	4.6	4.5	4.5	4.5	4.8	4.9	5.0	5.1	4.4
mean five_prime_utrs per mrna	0.4	0.0	0.0	0.0	0.2	0.0	0.0	0.7	0.0	0.0	0.4	0.0	0.0	0.1	0.2	0.9	0.8	0.8	0.0	0.0	0.5	0.0	0.3	0.6	0.0	0.0	0.0	0.0	0.0	0.0	0.0	0.0	0.0	0.0	0.0	0.0	0.0	0.0	0.0	0.0	0.0	0.0	0.0	0.0	0.0	0.0	0.0	0.0	0.0	0.0	0.0	0.0	0.0	0.0	0.3	0.3	0.4
mean three_prime_utrs per mrna	0.5	0.0	0.0	0.0	0.2	0.0	0.0	0.7	0.0	0.0	0.4	0.0	0.0	0.1	0.2	0.9	0.8	0.9	0.0	0.0	0.6	0.0	0.3	0.6	0.0	0.0	0.0	0.0	0.0	0.0	0.0	0.0	0.0	0.0	0.0	0.0	0.0	0.0	0.0	0.0	0.0	0.0	0.0	0.0	0.0	0.0	0.0	0.0	0.0	0.0	0.0	0.0	0.0	0.0	0.4	0.3	0.4
mean exons per cds	4.4	4.4	4.4	4.4	5.0	4.0	3.8	5.0	4.6	5.7	4.4	4.6	4.6	4.6	4.6	5.0	4.9	4.8	5.0	5.3	4.7	4.7	4.8	5.0	4.9	4.9	4.9	4.9	4.9	4.9	4.9	4.8	4.8	4.9	4.8	4.8	4.9	4.8	4.9	4.9	4.9	4.9	4.9	4.9	4.9	4.8	4.4	4.5	4.6	4.5	4.5	4.5	4.8	4.9	4.9	5.0	4.3
mean exons per five_prime_utr	1.2	0.0	0.0	0.0	1.2	2.8	3.1	1.2	0.0	1.3	1.3	0.0	0.0	1.2	1.1	1.2	1.2	1.2	0.0	1.0	1.5	0.0	1.2	1.2	0.0	0.0	0.0	0.0	0.0	0.0	0.0	0.0	0.0	0.0	0.0	0.0	0.0	0.0	0.0	0.0	0.0	0.0	0.0	0.0	0.0	0.0	0.0	0.0	0.0	0.0	0.0	0.0	0.0	0.0	1.2	1.2	1.2
mean exons per three_prime_utr	1.1	0.0	0.0	0.0	1.0	1.8	1.9	1.1	0.0	1.2	1.1	0.0	0.0	1.2	1.1	1.1	1.1	1.1	0.0	1.0	1.3	0.0	1.1	1.1	0.0	0.0	0.0	0.0	0.0	0.0	0.0	0.0	0.0	0.0	0.0	0.0	0.0	0.0	0.0	0.0	0.0	0.0	0.0	0.0	0.0	0.0	0.0	0.0	0.0	0.0	0.0	0.0	0.0	0.0	1.1	1.1	1.1
mean introns in cdss per mrna	3.4	3.4	3.4	3.4	2.2	3.0	2.8	4.0	3.6	4.7	3.4	3.6	3.6	2.0	2.0	4.0	3.9	3.8	4.0	4.3	3.7	3.7	3.8	4.0	3.9	3.9	3.9	3.9	3.9	3.9	3.9	3.8	3.8	3.9	3.8	3.8	3.9	3.8	3.9	3.9	3.9	3.9	3.9	3.9	3.9	3.8	3.4	3.5	3.6	3.5	3.5	3.5	3.8	3.9	3.9	4.0	3.3
mean introns in exons per mrna	3.5	3.4	3.4	3.4	2.2	3.0	2.8	4.1	3.6	4.7	3.5	3.6	3.6	2.1	2.1	4.3	4.2	4.1	4.0	4.3	4.1	3.7	3.8	4.1	3.9	3.9	3.9	3.9	3.9	3.9	3.9	3.8	3.8	3.9	3.8	3.8	3.9	3.8	3.9	3.9	3.9	3.9	3.9	3.9	3.9	3.8	3.4	3.5	3.6	3.5	3.5	3.5	3.8	3.9	4.0	4.1	3.4
mean introns in five_prime_utrs per mrna	0.1	0.0	0.0	0.0	0.0	0.0	0.0	0.1	0.0	0.0	0.1	0.0	0.0	0.0	0.0	0.2	0.2	0.2	0.0	0.0	0.2	0.0	0.1	0.1	0.0	0.0	0.0	0.0	0.0	0.0	0.0	0.0	0.0	0.0	0.0	0.0	0.0	0.0	0.0	0.0	0.0	0.0	0.0	0.0	0.0	0.0	0.0	0.0	0.0	0.0	0.0	0.0	0.0	0.0	0.1	0.1	0.1
mean introns in three_prime_utrs per mrna	0.0	0.0	0.0	0.0	0.0	0.0	0.0	0.0	0.0	0.0	0.0	0.0	0.0	0.0	0.0	0.1	0.0	0.1	0.0	0.0	0.2	0.0	0.0	0.0	0.0	0.0	0.0	0.0	0.0	0.0	0.0	0.0	0.0	0.0	0.0	0.0	0.0	0.0	0.0	0.0	0.0	0.0	0.0	0.0	0.0	0.0	0.0	0.0	0.0	0.0	0.0	0.0	0.0	0.0	0.0	0.0	0.0
Total gene length (bp)	137164603.0	110869277.0	102215262.0	119999714.0	1880916.0	95495634.0	93005573.0	89307282.0	229994661.0	48072269.0	321455910.0	232395023.0	231154424.0	940663.0	11052122.0	82524.0	73757.0	202430.0	134049062.0	102392337.0	135550482.0	105870340.0	133723976.0	210699784.0	113181459.0	112547241.0	112171449.0	109575417.0	112050999.0	110868114.0	113794704.0	101156034.0	100683241.0	113653744.0	100360188.0	101660089.0	112373914.0	112821215.0	112381022.0	110680860.0	112922541.0	113955346.0	116528413.0	112811886.0	110040821.0	98408147.0	94704731.0	104999525.0	111754178.0	94949183.0	104499032.0	93566695.0	106647578.0	103528494.0	207931930.0	334674587.0	146198136.0
Total mrna length (bp)	137164603.0	110869277.0	102215262.0	119999714.0	213000271.0	95495634.0	93005573.0	89307282.0	229994661.0	104580036.0	321455910.0	232437576.0	231197266.0	224401928.0	457038279.0	152325716.0	106878344.0	242039775.0	134049062.0	102392337.0	135550482.0	105870340.0	133723976.0	210699784.0	113181459.0	112547241.0	112171449.0	109575417.0	112050999.0	110868114.0	113794704.0	101156034.0	100683241.0	113653744.0	100360188.0	101660089.0	112373914.0	112821215.0	112381022.0	110680860.0	112922541.0	113955346.0	116528413.0	112811886.0	110040821.0	98408147.0	94704731.0	104999525.0	111754178.0	94949183.0	104499032.0	93566695.0	106647578.0	103528494.0	207931930.0	334674587.0	146198136.0
Total cds length (bp)	56656566.0	63494789.0	61292032.0	57201891.0	55772079.0	54746346.0	51968892.0	46036251.0	97218704.0	52930423.0	120703668.0	107318556.0	108203270.0	53646849.0	108738891.0	52153973.0	52612696.0	112181954.0	68215155.0	55668294.0	60496784.0	58800234.0	61126896.0	110692284.0	57264690.0	57180543.0	56730666.0	55852185.0	56412771.0	56656353.0	57185124.0	54288753.0	54560052.0	57677748.0	54334872.0	55165380.0	57006591.0	57002544.0	56904207.0	56142909.0	56899821.0	57341565.0	58290510.0	56619555.0	55985148.0	53659434.0	54823512.0	55760028.0	54965055.0	54630039.0	55003917.0	54345051.0	57694578.0	54368820.0	89596518.0	104663190.0	57046614.0
Total exon length (bp)	67801235.0	63494789.0	61292032.0	57201891.0	897704.0	54925189.0	52180762.0	56163454.0	97218704.0	9806219.0	162252856.0	107318556.0	108203270.0	376862.0	4238251.0	81485.0	73057.0	193197.0	68215155.0	56686275.0	77140709.0	58800234.0	70090413.0	134486487.0	57264690.0	57180543.0	56730666.0	55852185.0	56412771.0	56656353.0	57185124.0	54288753.0	54560052.0	57677748.0	54334872.0	55165380.0	57006591.0	57002544.0	56904207.0	56142909.0	56899821.0	57341565.0	58290510.0	56619555.0	55985148.0	53659434.0	54823512.0	55760028.0	54965055.0	54630039.0	55003917.0	54345051.0	57694578.0	54368820.0	101055369.0	118313659.0	67483274.0
Total five_prime_utr length (bp)	4173128.0	0.0	0.0	0.0	344836.0	89938.0	89939.0	4051671.0	0.0	3693299.0	17269414.0	0.0	0.0	179214.0	2114187.0	31117787.0	5257801.0	27054213.0	0.0	495520.0	7072133.0	0.0	3192418.0	9862426.0	0.0	0.0	0.0	0.0	0.0	0.0	0.0	0.0	0.0	0.0	0.0	0.0	0.0	0.0	0.0	0.0	0.0	0.0	0.0	0.0	0.0	0.0	0.0	0.0	0.0	0.0	0.0	0.0	0.0	0.0	3755705.0	5082609.0	4228389.0
Total three_prime_utr length (bp)	6971541.0	0.0	0.0	0.0	552868.0	88905.0	121931.0	6075532.0	0.0	6112920.0	24279774.0	0.0	0.0	197648.0	2124064.0	21894725.0	6674952.0	25608488.0	0.0	522461.0	9571792.0	0.0	5771099.0	13931777.0	0.0	0.0	0.0	0.0	0.0	0.0	0.0	0.0	0.0	0.0	0.0	0.0	0.0	0.0	0.0	0.0	0.0	0.0	0.0	0.0	0.0	0.0	0.0	0.0	0.0	0.0	0.0	0.0	0.0	0.0	7703146.0	8567860.0	6208271.0
Total intron length per cds (bp)	66054707.0	47374488.0	40923230.0	62797823.0	43558091.0	40294007.0	40511231.0	31099465.0	132775957.0	51632335.0	144998534.0	125119020.0	122993996.0	58831338.0	107934703.0	33257770.0	38081152.0	67791141.0	65833907.0	45706062.0	50199845.0	47070106.0	61961081.0	72310171.0	55916769.0	55366698.0	55440783.0	53723232.0	55638228.0	54211761.0	56609580.0	46867281.0	46123189.0	55975996.0	46025316.0	46494709.0	55367323.0	55818671.0	55476815.0	54537951.0	56022720.0	56613781.0	58237903.0	56192331.0	54055673.0	44748713.0	39881219.0	49239497.0	56789123.0	40319144.0	49495115.0	39221644.0	48953000.0	49159674.0	104256393.0	213757443.0	75775017.0
Total intron length per exon (bp)	69363368.0	47374488.0	40923230.0	62797823.0	983212.0	40570445.0	40824811.0	33143828.0	132775957.0	38266050.0	159203054.0	125119020.0	122993996.0	563801.0	6813871.0	1039.0	700.0	9233.0	65833907.0	45706062.0	58409773.0	47070106.0	63633563.0	76213297.0	55916769.0	55366698.0	55440783.0	53723232.0	55638228.0	54211761.0	56609580.0	46867281.0	46123189.0	55975996.0	46025316.0	46494709.0	55367323.0	55818671.0	55476815.0	54537951.0	56022720.0	56613781.0	58237903.0	56192331.0	54055673.0	44748713.0	39881219.0	49239497.0	56789123.0	40319144.0	49495115.0	39221644.0	48953000.0	49159674.0	106876561.0	216360928.0	78714862.0
Total intron length per five_prime_utr (bp)	2135386.0	0.0	0.0	0.0	145203.0	210939.0	230376.0	1609101.0	0.0	1512391.0	8296298.0	0.0	0.0	174268.0	957915.0	7765123.0	3203684.0	7031077.0	0.0	0.0	4561464.0	0.0	1297654.0	2902631.0	0.0	0.0	0.0	0.0	0.0	0.0	0.0	0.0	0.0	0.0	0.0	0.0	0.0	0.0	0.0	0.0	0.0	0.0	0.0	0.0	0.0	0.0	0.0	0.0	0.0	0.0	0.0	0.0	0.0	0.0	1898999.0	1742033.0	2109283.0
mean gene length (bp)	2276.0	1694.0	1737.0	2025.0	648.0	1512.0	1482.0	2249.0	2378.0	2107.0	2576.0	2240.0	2261.0	379.0	813.0	75.0	74.0	78.0	2269.0	2227.0	2337.0	1964.0	2251.0	2440.0	2122.0	2145.0	2117.0	2114.0	2141.0	2109.0	2130.0	1981.0	1976.0	2158.0	1977.0	1972.0	2125.0	2112.0	2136.0	2126.0	2142.0	2146.0	2122.0	2140.0	2136.0	1954.0	1791.0	1976.0	2158.0	1796.0	2004.0	1797.0	2172.0	2108.0	2456.0	3515.0	2363.0
mean mrna length (bp)	2276.0	1694.0	1737.0	2025.0	2130.0	1512.0	1482.0	2249.0	2378.0	2428.0	2576.0	2240.0	2261.0	2458.0	2420.0	3683.0	2446.0	2666.0	2269.0	2227.0	2337.0	1964.0	2251.0	2440.0	2122.0	2145.0	2117.0	2114.0	2141.0	2109.0	2130.0	1981.0	1976.0	2158.0	1977.0	1972.0	2125.0	2112.0	2136.0	2126.0	2142.0	2146.0	2122.0	2140.0	2136.0	1954.0	1791.0	1976.0	2158.0	1796.0	2004.0	1797.0	2172.0	2108.0	2456.0	3515.0	2363.0
mean cds length (bp)	940.0	970.0	1042.0	965.0	1029.0	867.0	828.0	1159.0	1005.0	1228.0	967.0	1034.0	1058.0	1046.0	1028.0	1261.0	1204.0	1235.0	1155.0	1211.0	1043.0	1091.0	1029.0	1282.0	1073.0	1090.0	1071.0	1077.0	1078.0	1077.0	1070.0	1063.0	1071.0	1095.0	1070.0	1070.0	1078.0	1067.0	1081.0	1078.0	1079.0	1080.0	1061.0	1074.0	1086.0	1065.0	1036.0	1049.0	1061.0	1033.0	1054.0	1043.0	1175.0	1107.0	1058.0	1099.0	922.0
mean exon length (bp)	249.0	218.0	237.0	219.0	195.0	218.0	216.0	275.0	218.0	205.0	286.0	226.0	228.0	112.0	173.0	69.0	69.0	70.0	232.0	233.0	260.0	234.0	243.0	304.0	220.0	221.0	220.0	220.0	220.0	221.0	219.0	222.0	223.0	222.0	224.0	224.0	221.0	220.0	221.0	220.0	220.0	221.0	217.0	219.0	222.0	223.0	235.0	234.0	232.0	231.0	232.0	234.0	243.0	228.0	239.0	243.0	245.0
mean five_prime_utr length (bp)	158.0	0.0	0.0	0.0	190.0	397.0	374.0	155.0	0.0	204.0	354.0	0.0	0.0	129.0	194.0	835.0	153.0	356.0	0.0	351.0	234.0	0.0	162.0	195.0	0.0	0.0	0.0	0.0	0.0	0.0	0.0	0.0	0.0	0.0	0.0	0.0	0.0	0.0	0.0	0.0	0.0	0.0	0.0	0.0	0.0	0.0	0.0	0.0	0.0	0.0	0.0	0.0	0.0	0.0	130.0	183.0	177.0
mean three_prime_utr length (bp)	252.0	0.0	0.0	0.0	241.0	343.0	354.0	229.0	0.0	315.0	465.0	0.0	0.0	137.0	196.0	574.0	193.0	329.0	0.0	370.0	287.0	0.0	279.0	271.0	0.0	0.0	0.0	0.0	0.0	0.0	0.0	0.0	0.0	0.0	0.0	0.0	0.0	0.0	0.0	0.0	0.0	0.0	0.0	0.0	0.0	0.0	0.0	0.0	0.0	0.0	0.0	0.0	0.0	0.0	236.0	279.0	253.0
mean cds piece length (bp)	214.0	218.0	237.0	219.0	205.0	218.0	216.0	234.0	218.0	214.0	220.0	226.0	228.0	225.0	222.0	250.0	244.0	255.0	232.0	229.0	223.0	234.0	216.0	258.0	220.0	221.0	220.0	220.0	220.0	221.0	219.0	222.0	223.0	222.0	224.0	224.0	221.0	220.0	221.0	220.0	220.0	221.0	217.0	219.0	222.0	223.0	235.0	234.0	232.0	231.0	232.0	234.0	243.0	228.0	216.0	218.0	212.0
mean five_prime_utr piece length (bp)	130.0	0.0	0.0	0.0	155.0	141.0	121.0	127.0	0.0	157.0	279.0	0.0	0.0	109.0	171.0	677.0	125.0	292.0	0.0	351.0	158.0	0.0	135.0	163.0	0.0	0.0	0.0	0.0	0.0	0.0	0.0	0.0	0.0	0.0	0.0	0.0	0.0	0.0	0.0	0.0	0.0	0.0	0.0	0.0	0.0	0.0	0.0	0.0	0.0	0.0	0.0	0.0	0.0	0.0	107.0	155.0	145.0
mean three_prime_utr piece length (bp)	235.0	0.0	0.0	0.0	232.0	189.0	185.0	216.0	0.0	252.0	418.0	0.0	0.0	115.0	174.0	525.0	183.0	307.0	0.0	370.0	218.0	0.0	263.0	252.0	0.0	0.0	0.0	0.0	0.0	0.0	0.0	0.0	0.0	0.0	0.0	0.0	0.0	0.0	0.0	0.0	0.0	0.0	0.0	0.0	0.0	0.0	0.0	0.0	0.0	0.0	0.0	0.0	0.0	0.0	219.0	258.0	237.0
mean intron in cds length (bp)	324.0	210.0	205.0	311.0	200.0	214.0	228.0	198.0	381.0	253.0	343.0	337.0	330.0	315.0	282.0	199.0	221.0	194.0	281.0	232.0	236.0	238.0	277.0	211.0	270.0	268.0	271.0	266.0	273.0	267.0	273.0	243.0	239.0	270.0	240.0	239.0	270.0	272.0	271.0	269.0	272.0	274.0	273.0	274.0	269.0	236.0	221.0	267.0	307.0	220.0	267.0	218.0	260.0	259.0	317.0	557.0	367.0
mean intron in exon length (bp)	328.0	210.0	205.0	311.0	577.0	215.0	229.0	201.0	381.0	1539.0	360.0	337.0	330.0	654.0	626.0	14.0	11.0	55.0	281.0	232.0	245.0	238.0	278.0	214.0	270.0	268.0	271.0	266.0	273.0	267.0	273.0	243.0	239.0	270.0	240.0	239.0	270.0	272.0	271.0	269.0	272.0	274.0	273.0	274.0	269.0	236.0	221.0	267.0	307.0	220.0	267.0	218.0	260.0	259.0	316.0	553.0	369.0
mean intron in five_prime_utr length (bp)	382.0	0.0	0.0	0.0	350.0	513.0	459.0	284.0	0.0	278.0	627.0	0.0	0.0	688.0	672.0	892.0	421.0	423.0	0.0	0.0	317.0	0.0	327.0	294.0	0.0	0.0	0.0	0.0	0.0	0.0	0.0	0.0	0.0	0.0	0.0	0.0	0.0	0.0	0.0	0.0	0.0	0.0	0.0	0.0	0.0	0.0	0.0	0.0	0.0	0.0	0.0	0.0	0.0	0.0	311.0	353.0	403.0
mean intron in three_prime_utr length (bp)	582.0	0.0	0.0	0.0	657.0	307.0	262.0	245.0	0.0	231.0	995.0	0.0	0.0	826.0	409.0	1671.0	477.0	391.0	0.0	0.0	338.0	0.0	270.0	248.0	0.0	0.0	0.0	0.0	0.0	0.0	0.0	0.0	0.0	0.0	0.0	0.0	0.0	0.0	0.0	0.0	0.0	0.0	0.0	0.0	0.0	0.0	0.0	0.0	0.0	0.0	0.0	0.0	0.0	0.0	280.0	332.0	477.0
% of genome covered by gene	24.8	20.7	20.2	21.6	0.2	29.5	33.1	29.5	21.2	13.9	32.0	21.7	21.6	0.2	1.2	0.0	0.0	0.0	23.9	26.9	23.8	19.8	24.2	21.9	19.6	20.1	20.4	19.4	20.3	20.5	20.2	17.9	18.0	19.9	18.3	17.9	19.7	20.4	19.3	19.2	19.7	20.6	19.9	20.8	20.6	17.7	15.6	17.7	17.6	16.1	17.1	15.1	24.1	24.0	21.2	34.1	25.9
% of genome covered by mrna	24.8	20.7	20.2	21.6	26.9	29.5	33.1	29.5	21.2	30.2	32.0	21.7	21.6	50.5	49.5	43.2	22.7	24.2	23.9	26.9	23.8	19.8	24.2	21.9	19.6	20.1	20.4	19.4	20.3	20.5	20.2	17.9	18.0	19.9	18.3	17.9	19.7	20.4	19.3	19.2	19.7	20.6	19.9	20.8	20.6	17.7	15.6	17.7	17.6	16.1	17.1	15.1	24.1	24.0	21.2	34.1	25.9
% of genome covered by cds	10.2	11.8	12.1	10.3	7.0	16.9	18.5	15.2	9.0	15.3	12.0	10.0	10.1	12.1	11.8	14.8	11.2	11.2	12.2	14.6	10.6	11.0	11.0	11.5	9.9	10.2	10.3	9.9	10.2	10.5	10.2	9.6	9.8	10.1	9.9	9.7	10.0	10.3	9.8	9.7	9.9	10.4	10.0	10.4	10.5	9.6	9.0	9.4	8.7	9.3	9.0	8.8	13.1	12.6	9.1	10.7	10.1
% of genome covered by exon	12.3	11.8	12.1	10.3	0.1	17.0	18.5	18.6	9.0	2.8	16.1	10.0	10.1	0.1	0.5	0.0	0.0	0.0	12.2	14.9	13.6	11.0	12.7	14.0	9.9	10.2	10.3	9.9	10.2	10.5	10.2	9.6	9.8	10.1	9.9	9.7	10.0	10.3	9.8	9.7	9.9	10.4	10.0	10.4	10.5	9.6	9.0	9.4	8.7	9.3	9.0	8.8	13.1	12.6	10.3	12.1	12.0
% of genome covered by five_prime_utr	0.8	0.0	0.0	0.0	0.0	0.0	0.0	1.3	0.0	1.1	1.7	0.0	0.0	0.0	0.2	8.8	1.1	2.7	0.0	0.1	1.2	0.0	0.6	1.0	0.0	0.0	0.0	0.0	0.0	0.0	0.0	0.0	0.0	0.0	0.0	0.0	0.0	0.0	0.0	0.0	0.0	0.0	0.0	0.0	0.0	0.0	0.0	0.0	0.0	0.0	0.0	0.0	0.0	0.0	0.4	0.5	0.7
% of genome covered by three_prime_utr	1.3	0.0	0.0	0.0	0.1	0.0	0.0	2.0	0.0	1.8	2.4	0.0	0.0	0.0	0.2	6.2	1.4	2.6	0.0	0.1	1.7	0.0	1.0	1.4	0.0	0.0	0.0	0.0	0.0	0.0	0.0	0.0	0.0	0.0	0.0	0.0	0.0	0.0	0.0	0.0	0.0	0.0	0.0	0.0	0.0	0.0	0.0	0.0	0.0	0.0	0.0	0.0	0.0	0.0	0.8	0.9	1.1
% of genome covered by intron from cds	11.9	8.8	8.1	11.3	5.5	12.5	14.4	10.3	12.3	14.9	14.4	11.7	11.5	13.3	11.7	9.4	8.1	6.8	11.7	12.0	8.8	8.8	11.2	7.5	9.7	9.9	10.1	9.5	10.1	10.0	10.1	8.3	8.3	9.8	8.4	8.2	9.7	10.1	9.5	9.5	9.8	10.2	10.0	10.4	10.1	8.0	6.6	8.3	9.0	6.9	8.1	6.3	11.1	11.4	10.6	21.8	13.4
% of genome covered by intron from exon	12.5	8.8	8.1	11.3	0.1	12.5	14.5	11.0	12.3	11.1	15.8	11.7	11.5	0.1	0.7	0.0	0.0	0.0	11.7	12.0	10.3	8.8	11.5	7.9	9.7	9.9	10.1	9.5	10.1	10.0	10.1	8.3	8.3	9.8	8.4	8.2	9.7	10.1	9.5	9.5	9.8	10.2	10.0	10.4	10.1	8.0	6.6	8.3	9.0	6.9	8.1	6.3	11.1	11.4	10.9	22.1	13.9
Longest gene (bp)	103516.0	57323.0	51218.0	85039.0	7353.0	24505.0	24429.0	27238.0	167774.0	30606.0	606053.0	1102137.0	563435.0	21547.0	105669.0	266.0	90.0	2631.0	57725.0	33381.0	35992.0	105299.0	79792.0	56368.0	130733.0	136256.0	280328.0	106001.0	131818.0	86140.0	258593.0	246136.0	327240.0	437245.0	301213.0	147764.0	324456.0	97707.0	301359.0	223910.0	245487.0	95027.0	153718.0	289550.0	396780.0	246216.0	121322.0	247525.0	107559.0	46099.0	89781.0	74145.0	68551.0	64917.0	135725.0	577042.0	75718.0
Longest mrna (bp)	103516.0	57323.0	51218.0	85039.0	26418.0	24505.0	24429.0	27238.0	167774.0	33724.0	606053.0	1102137.0	563435.0	179814.0	189169.0	905201.0	331299.0	118213.0	57725.0	33381.0	35992.0	105299.0	79792.0	56368.0	130733.0	136256.0	280328.0	106001.0	131818.0	86140.0	258593.0	246136.0	327240.0	437245.0	301213.0	147764.0	324456.0	97707.0	301359.0	223910.0	245487.0	95027.0	153718.0	289550.0	396780.0	246216.0	121322.0	247525.0	107559.0	46099.0	89781.0	74145.0	68551.0	64917.0	135725.0	577042.0	75718.0
Longest cds (bp)	16095.0	16116.0	16116.0	15237.0	15231.0	14904.0	12348.0	16125.0	12465.0	16125.0	28842.0	16116.0	16116.0	16128.0	16128.0	16125.0	16095.0	16125.0	16212.0	16131.0	16095.0	16086.0	16092.0	16125.0	16083.0	16086.0	16083.0	16086.0	16086.0	16071.0	16095.0	16083.0	16083.0	16086.0	16086.0	16086.0	16095.0	16089.0	15939.0	16086.0	16095.0	16095.0	15234.0	16086.0	16086.0	16083.0	16104.0	16092.0	16104.0	16095.0	16092.0	16104.0	16125.0	16125.0	16206.0	16125.0	16095.0
Longest exon (bp)	13383.0	6595.0	11487.0	9710.0	2166.0	7032.0	6173.0	7677.0	6595.0	5469.0	70026.0	11168.0	12985.0	2799.0	36315.0	87.0	88.0	94.0	7931.0	9807.0	11101.0	11223.0	7270.0	13253.0	8538.0	7931.0	6731.0	7320.0	8591.0	10844.0	10873.0	6731.0	6731.0	8553.0	7026.0	7068.0	7931.0	7931.0	8538.0	7931.0	7931.0	11101.0	10801.0	10801.0	11101.0	11101.0	9157.0	9236.0	9327.0	9142.0	9142.0	9117.0	6232.0	8802.0	11366.0	10100.0	10895.0
Longest five_prime_utr (bp)	3957.0	0.0	0.0	0.0	2590.0	2220.0	2250.0	4910.0	0.0	8328.0	46859.0	0.0	0.0	2021.0	36556.0	31013.0	4743.0	14520.0	0.0	8077.0	5016.0	0.0	5369.0	7938.0	0.0	0.0	0.0	0.0	0.0	0.0	0.0	0.0	0.0	0.0	0.0	0.0	0.0	0.0	0.0	0.0	0.0	0.0	0.0	0.0	0.0	0.0	0.0	0.0	0.0	0.0	0.0	0.0	0.0	0.0	4766.0	3044.0	4601.0
Longest three_prime_utr (bp)	5804.0	0.0	0.0	0.0	2524.0	3222.0	1716.0	5537.0	0.0	5673.0	46005.0	0.0	0.0	3680.0	26484.0	27918.0	3353.0	21395.0	0.0	4245.0	9137.0	0.0	3889.0	9322.0	0.0	0.0	0.0	0.0	0.0	0.0	0.0	0.0	0.0	0.0	0.0	0.0	0.0	0.0	0.0	0.0	0.0	0.0	0.0	0.0	0.0	0.0	0.0	0.0	0.0	0.0	0.0	0.0	0.0	0.0	5015.0	3206.0	4777.0
Longest cds piece (bp)	7026.0	6595.0	11487.0	9710.0	11599.0	7032.0	6173.0	7677.0	6595.0	10426.0	10947.0	11168.0	12985.0	9916.0	10558.0	10586.0	11054.0	10652.0	7931.0	9807.0	11101.0	11223.0	7270.0	13253.0	8538.0	7931.0	6731.0	7320.0	8591.0	10844.0	10873.0	6731.0	6731.0	8553.0	7026.0	7068.0	7931.0	7931.0	8538.0	7931.0	7931.0	11101.0	10801.0	10801.0	11101.0	11101.0	9157.0	9236.0	9327.0	9142.0	9142.0	9117.0	6232.0	8802.0	11366.0	10100.0	10895.0
Longest five_prime_utr piece (bp)	3957.0	0.0	0.0	0.0	2009.0	1421.0	1494.0	4910.0	0.0	5469.0	34428.0	0.0	0.0	2021.0	36315.0	31013.0	3685.0	13096.0	0.0	8077.0	4084.0	0.0	5369.0	7938.0	0.0	0.0	0.0	0.0	0.0	0.0	0.0	0.0	0.0	0.0	0.0	0.0	0.0	0.0	0.0	0.0	0.0	0.0	0.0	0.0	0.0	0.0	0.0	0.0	0.0	0.0	0.0	0.0	0.0	0.0	4766.0	3044.0	4475.0
Longest three_prime_utr piece (bp)	5804.0	0.0	0.0	0.0	2166.0	1781.0	1095.0	5386.0	0.0	4925.0	45933.0	0.0	0.0	2799.0	26484.0	20368.0	3353.0	17193.0	0.0	4245.0	9137.0	0.0	3889.0	9322.0	0.0	0.0	0.0	0.0	0.0	0.0	0.0	0.0	0.0	0.0	0.0	0.0	0.0	0.0	0.0	0.0	0.0	0.0	0.0	0.0	0.0	0.0	0.0	0.0	0.0	0.0	0.0	0.0	0.0	0.0	4823.0	2951.0	3381.0
Longest intron into cds part (bp)	99332.0	20838.0	22882.0	72465.0	24090.0	8761.0	8979.0	18193.0	139261.0	20956.0	199983.0	197145.0	199184.0	99955.0	90242.0	739882.0	306768.0	84520.0	56314.0	30373.0	9995.0	87048.0	50153.0	40717.0	73595.0	133089.0	271781.0	91586.0	74823.0	70831.0	254250.0	242441.0	323774.0	434809.0	297755.0	144559.0	321263.0	89785.0	274854.0	219532.0	242317.0	80966.0	150551.0	280721.0	337798.0	242522.0	120686.0	180420.0	106416.0	43980.0	88635.0	73062.0	57167.0	52021.0	134401.0	552396.0	54273.0
Longest intron into exon part (bp)	99332.0	20838.0	22882.0	72465.0	6448.0	8761.0	8979.0	18193.0	139261.0	30291.0	199983.0	197145.0	199184.0	17411.0	96968.0	193.0	17.0	2559.0	56314.0	30373.0	9995.0	87048.0	50153.0	40717.0	73595.0	133089.0	271781.0	91586.0	74823.0	70831.0	254250.0	242441.0	323774.0	434809.0	297755.0	144559.0	321263.0	89785.0	274854.0	219532.0	242317.0	80966.0	150551.0	280721.0	337798.0	242522.0	120686.0	180420.0	106416.0	43980.0	88635.0	73062.0	57167.0	52021.0	134401.0	552396.0	54273.0
Shortest gene (bp)	150.0	150.0	150.0	150.0	5.0	150.0	150.0	150.0	150.0	1.0	150.0	150.0	150.0	1.0	1.0	70.0	70.0	58.0	162.0	150.0	302.0	150.0	153.0	150.0	150.0	150.0	150.0	150.0	150.0	150.0	150.0	150.0	150.0	150.0	150.0	150.0	150.0	150.0	150.0	150.0	150.0	150.0	150.0	150.0	150.0	150.0	150.0	150.0	150.0	150.0	150.0	150.0	150.0	150.0	150.0	150.0	150.0
Shortest mrna (bp)	150.0	150.0	150.0	150.0	57.0	150.0	150.0	150.0	150.0	156.0	150.0	150.0	150.0	130.0	120.0	206.0	153.0	153.0	162.0	150.0	302.0	150.0	153.0	150.0	150.0	150.0	150.0	150.0	150.0	150.0	150.0	150.0	150.0	150.0	150.0	150.0	150.0	150.0	150.0	150.0	150.0	150.0	150.0	150.0	150.0	150.0	150.0	150.0	150.0	150.0	150.0	150.0	150.0	150.0	150.0	150.0	150.0
Shortest cds piece (bp)	1.0	1.0	1.0	1.0	6.0	1.0	1.0	1.0	2.0	1.0	1.0	1.0	1.0	1.0	1.0	1.0	1.0	1.0	3.0	1.0	1.0	3.0	1.0	1.0	3.0	1.0	3.0	2.0	3.0	3.0	3.0	3.0	3.0	3.0	3.0	3.0	3.0	3.0	3.0	3.0	1.0	3.0	3.0	3.0	3.0	3.0	1.0	1.0	2.0	3.0	3.0	1.0	3.0	2.0	1.0	1.0	1.0
Shortest five_prime_utr piece (bp)	1.0	0.0	0.0	0.0	1.0	1.0	1.0	1.0	0.0	1.0	1.0	0.0	0.0	1.0	1.0	1.0	1.0	1.0	0.0	8.0	1.0	0.0	1.0	1.0	0.0	0.0	0.0	0.0	0.0	0.0	0.0	0.0	0.0	0.0	0.0	0.0	0.0	0.0	0.0	0.0	0.0	0.0	0.0	0.0	0.0	0.0	0.0	0.0	0.0	0.0	0.0	0.0	0.0	0.0	1.0	1.0	1.0
Shortest three_prime_utr piece (bp)	1.0	0.0	0.0	0.0	1.0	10.0	3.0	1.0	0.0	1.0	1.0	0.0	0.0	1.0	1.0	1.0	1.0	1.0	0.0	4.0	1.0	0.0	1.0	1.0	0.0	0.0	0.0	0.0	0.0	0.0	0.0	0.0	0.0	0.0	0.0	0.0	0.0	0.0	0.0	0.0	0.0	0.0	0.0	0.0	0.0	0.0	0.0	0.0	0.0	0.0	0.0	0.0	0.0	0.0	1.0	1.0	1.0
Shortest intron into cds part (bp)	21.0	3.0	1.0	11.0	11.0	30.0	30.0	1.0	21.0	20.0	4.0	1.0	4.0	11.0	9.0	1.0	1.0	1.0	21.0	15.0	20.0	21.0	1.0	4.0	21.0	21.0	21.0	21.0	21.0	21.0	21.0	24.0	24.0	21.0	24.0	30.0	21.0	21.0	21.0	21.0	21.0	21.0	21.0	21.0	21.0	21.0	10.0	10.0	10.0	10.0	10.0	10.0	29.0	29.0	21.0	20.0	21.0
Shortest intron into exon part (bp)	21.0	3.0	1.0	11.0	19.0	30.0	30.0	1.0	21.0	20.0	4.0	1.0	4.0	13.0	9.0	11.0	11.0	10.0	21.0	15.0	20.0	21.0	1.0	4.0	21.0	21.0	21.0	21.0	21.0	21.0	21.0	24.0	24.0	21.0	24.0	30.0	21.0	21.0	21.0	21.0	21.0	21.0	21.0	21.0	21.0	21.0	10.0	10.0	10.0	10.0	10.0	10.0	29.0	29.0	21.0	20.0	21.0
Number of region	0.0	0.0	0.0	0.0	3486.0	20.0	17.0	103.0	787.0	161.0	19.0	390.0	243.0	10.0	105.0	542.0	460.0	1846.0	0.0	0.0	0.0	0.0	0.0	0.0	0.0	0.0	0.0	0.0	0.0	0.0	0.0	0.0	0.0	0.0	0.0	0.0	0.0	0.0	0.0	0.0	0.0	0.0	0.0	0.0	0.0	0.0	0.0	0.0	0.0	0.0	0.0	0.0	0.0	0.0	0.0	0.0	0.0
Number region overlapping	0.0	0.0	0.0	0.0	0.0	0.0	0.0	0.0	0.0	0.0	0.0	0.0	0.0	0.0	0.0	0.0	0.0	0.0	0.0	0.0	0.0	0.0	0.0	0.0	0.0	0.0	0.0	0.0	0.0	0.0	0.0	0.0	0.0	0.0	0.0	0.0	0.0	0.0	0.0	0.0	0.0	0.0	0.0	0.0	0.0	0.0	0.0	0.0	0.0	0.0	0.0	0.0	0.0	0.0	0.0	0.0	0.0
Total region length (bp)	0.0	0.0	0.0	0.0	462413159.0	282966502.0	281321016.0	296879155.0	1070531536.0	345215660.0	1004949250.0	1069770143.0	1068774053.0	386053793.0	900488050.0	331851401.0	467482028.0	940384375.0	0.0	0.0	0.0	0.0	0.0	0.0	0.0	0.0	0.0	0.0	0.0	0.0	0.0	0.0	0.0	0.0	0.0	0.0	0.0	0.0	0.0	0.0	0.0	0.0	0.0	0.0	0.0	0.0	0.0	0.0	0.0	0.0	0.0	0.0	0.0	0.0	0.0	0.0	0.0
mean region length (bp)	0.0	0.0	0.0	0.0	132648.0	14148325.0	16548295.0	2882321.0	1360268.0	2144196.0	52892065.0	2743000.0	4398247.0	38605379.0	8576076.0	612271.0	1016265.0	509417.0	0.0	0.0	0.0	0.0	0.0	0.0	0.0	0.0	0.0	0.0	0.0	0.0	0.0	0.0	0.0	0.0	0.0	0.0	0.0	0.0	0.0	0.0	0.0	0.0	0.0	0.0	0.0	0.0	0.0	0.0	0.0	0.0	0.0	0.0	0.0	0.0	0.0	0.0	0.0
% of genome covered by region	0.0	0.0	0.0	0.0	58.3	87.5	100.0	98.2	98.8	99.8	100.0	99.7	99.9	87.0	97.5	94.0	99.4	94.0	0.0	0.0	0.0	0.0	0.0	0.0	0.0	0.0	0.0	0.0	0.0	0.0	0.0	0.0	0.0	0.0	0.0	0.0	0.0	0.0	0.0	0.0	0.0	0.0	0.0	0.0	0.0	0.0	0.0	0.0	0.0	0.0	0.0	0.0	0.0	0.0	0.0	0.0	0.0
Longest region (bp)	0.0	0.0	0.0	0.0	997084.0	46022850.0	44274581.0	44888295.0	72379882.0	60281870.0	79204285.0	75391900.0	74943771.0	68194707.0	73669886.0	45156810.0	64984695.0	74222928.0	0.0	0.0	0.0	0.0	0.0	0.0	0.0	0.0	0.0	0.0	0.0	0.0	0.0	0.0	0.0	0.0	0.0	0.0	0.0	0.0	0.0	0.0	0.0	0.0	0.0	0.0	0.0	0.0	0.0	0.0	0.0	0.0	0.0	0.0	0.0	0.0	0.0	0.0	0.0
Shortest region (bp)	0.0	0.0	0.0	0.0	10009.0	10304.0	10554.0	10010.0	10005.0	10625.0	26714908.0	10218.0	15630.0	20386415.0	60731.0	10311.0	10018.0	10070.0	0.0	0.0	0.0	0.0	0.0	0.0	0.0	0.0	0.0	0.0	0.0	0.0	0.0	0.0	0.0	0.0	0.0	0.0	0.0	0.0	0.0	0.0	0.0	0.0	0.0	0.0	0.0	0.0	0.0	0.0	0.0	0.0	0.0	0.0	0.0	0.0	0.0	0.0	0.0
Number of rna	0.0	0.0	0.0	0.0	2901.0	0.0	0.0	0.0	0.0	22806.0	0.0	0.0	0.0	2478.0	13588.0	1844.0	4409.0	9140.0	0.0	0.0	0.0	0.0	0.0	0.0	0.0	0.0	0.0	0.0	0.0	0.0	0.0	0.0	0.0	0.0	0.0	0.0	0.0	0.0	0.0	0.0	0.0	0.0	0.0	0.0	0.0	0.0	0.0	0.0	0.0	0.0	0.0	0.0	0.0	0.0	0.0	0.0	0.0
Number of single exon rna	0.0	0.0	0.0	0.0	1545.0	0.0	0.0	0.0	0.0	6798.0	0.0	0.0	0.0	1825.0	4706.0	632.0	688.0	2897.0	0.0	0.0	0.0	0.0	0.0	0.0	0.0	0.0	0.0	0.0	0.0	0.0	0.0	0.0	0.0	0.0	0.0	0.0	0.0	0.0	0.0	0.0	0.0	0.0	0.0	0.0	0.0	0.0	0.0	0.0	0.0	0.0	0.0	0.0	0.0	0.0	0.0	0.0	0.0
mean rnas per gene	0.0	0.0	0.0	0.0	1.0	0.0	0.0	0.0	0.0	1.0	0.0	0.0	0.0	1.0	1.0	0.0	0.0	2285.0	0.0	0.0	0.0	0.0	0.0	0.0	0.0	0.0	0.0	0.0	0.0	0.0	0.0	0.0	0.0	0.0	0.0	0.0	0.0	0.0	0.0	0.0	0.0	0.0	0.0	0.0	0.0	0.0	0.0	0.0	0.0	0.0	0.0	0.0	0.0	0.0	0.0	0.0	0.0
mean exons per rna	0.0	0.0	0.0	0.0	1.6	0.0	0.0	0.0	0.0	2.1	0.0	0.0	0.0	1.3	1.8	3.8	4.7	4.1	0.0	0.0	0.0	0.0	0.0	0.0	0.0	0.0	0.0	0.0	0.0	0.0	0.0	0.0	0.0	0.0	0.0	0.0	0.0	0.0	0.0	0.0	0.0	0.0	0.0	0.0	0.0	0.0	0.0	0.0	0.0	0.0	0.0	0.0	0.0	0.0	0.0	0.0	0.0
mean five_prime_utrs per rna	0.0	0.0	0.0	0.0	0.6	0.0	0.0	0.0	0.0	0.8	0.0	0.0	0.0	0.6	0.8	0.0	0.0	0.0	0.0	0.0	0.0	0.0	0.0	0.0	0.0	0.0	0.0	0.0	0.0	0.0	0.0	0.0	0.0	0.0	0.0	0.0	0.0	0.0	0.0	0.0	0.0	0.0	0.0	0.0	0.0	0.0	0.0	0.0	0.0	0.0	0.0	0.0	0.0	0.0	0.0	0.0	0.0
mean three_prime_utrs per rna	0.0	0.0	0.0	0.0	0.8	0.0	0.0	0.0	0.0	0.8	0.0	0.0	0.0	0.6	0.8	0.0	0.0	0.0	0.0	0.0	0.0	0.0	0.0	0.0	0.0	0.0	0.0	0.0	0.0	0.0	0.0	0.0	0.0	0.0	0.0	0.0	0.0	0.0	0.0	0.0	0.0	0.0	0.0	0.0	0.0	0.0	0.0	0.0	0.0	0.0	0.0	0.0	0.0	0.0	0.0	0.0	0.0
mean introns in exons per rna	0.0	0.0	0.0	0.0	0.6	0.0	0.0	0.0	0.0	1.1	0.0	0.0	0.0	0.3	0.8	2.8	3.7	3.1	0.0	0.0	0.0	0.0	0.0	0.0	0.0	0.0	0.0	0.0	0.0	0.0	0.0	0.0	0.0	0.0	0.0	0.0	0.0	0.0	0.0	0.0	0.0	0.0	0.0	0.0	0.0	0.0	0.0	0.0	0.0	0.0	0.0	0.0	0.0	0.0	0.0	0.0	0.0
mean introns in five_prime_utrs per rna	0.0	0.0	0.0	0.0	0.1	0.0	0.0	0.0	0.0	0.2	0.0	0.0	0.0	0.1	0.1	0.0	0.0	0.0	0.0	0.0	0.0	0.0	0.0	0.0	0.0	0.0	0.0	0.0	0.0	0.0	0.0	0.0	0.0	0.0	0.0	0.0	0.0	0.0	0.0	0.0	0.0	0.0	0.0	0.0	0.0	0.0	0.0	0.0	0.0	0.0	0.0	0.0	0.0	0.0	0.0	0.0	0.0
mean introns in three_prime_utrs per rna	0.0	0.0	0.0	0.0	0.0	0.0	0.0	0.0	0.0	0.2	0.0	0.0	0.0	0.1	0.1	0.0	0.0	0.0	0.0	0.0	0.0	0.0	0.0	0.0	0.0	0.0	0.0	0.0	0.0	0.0	0.0	0.0	0.0	0.0	0.0	0.0	0.0	0.0	0.0	0.0	0.0	0.0	0.0	0.0	0.0	0.0	0.0	0.0	0.0	0.0	0.0	0.0	0.0	0.0	0.0	0.0	0.0
Total rna length (bp)	0.0	0.0	0.0	0.0	1880916.0	0.0	0.0	0.0	0.0	48072269.0	0.0	0.0	0.0	940663.0	11052122.0	7331140.0	16602232.0	29051992.0	0.0	0.0	0.0	0.0	0.0	0.0	0.0	0.0	0.0	0.0	0.0	0.0	0.0	0.0	0.0	0.0	0.0	0.0	0.0	0.0	0.0	0.0	0.0	0.0	0.0	0.0	0.0	0.0	0.0	0.0	0.0	0.0	0.0	0.0	0.0	0.0	0.0	0.0	0.0
mean rna length (bp)	0.0	0.0	0.0	0.0	648.0	0.0	0.0	0.0	0.0	2107.0	0.0	0.0	0.0	379.0	813.0	3975.0	3765.0	3178.0	0.0	0.0	0.0	0.0	0.0	0.0	0.0	0.0	0.0	0.0	0.0	0.0	0.0	0.0	0.0	0.0	0.0	0.0	0.0	0.0	0.0	0.0	0.0	0.0	0.0	0.0	0.0	0.0	0.0	0.0	0.0	0.0	0.0	0.0	0.0	0.0	0.0	0.0	0.0
% of genome covered by rna	0.0	0.0	0.0	0.0	0.2	0.0	0.0	0.0	0.0	13.9	0.0	0.0	0.0	0.2	1.2	2.1	3.5	2.9	0.0	0.0	0.0	0.0	0.0	0.0	0.0	0.0	0.0	0.0	0.0	0.0	0.0	0.0	0.0	0.0	0.0	0.0	0.0	0.0	0.0	0.0	0.0	0.0	0.0	0.0	0.0	0.0	0.0	0.0	0.0	0.0	0.0	0.0	0.0	0.0	0.0	0.0	0.0
Longest rna (bp)	0.0	0.0	0.0	0.0	7353.0	0.0	0.0	0.0	0.0	30606.0	0.0	0.0	0.0	21547.0	105669.0	76976.0	109078.0	124120.0	0.0	0.0	0.0	0.0	0.0	0.0	0.0	0.0	0.0	0.0	0.0	0.0	0.0	0.0	0.0	0.0	0.0	0.0	0.0	0.0	0.0	0.0	0.0	0.0	0.0	0.0	0.0	0.0	0.0	0.0	0.0	0.0	0.0	0.0	0.0	0.0	0.0	0.0	0.0
Shortest rna (bp)	0.0	0.0	0.0	0.0	5.0	0.0	0.0	0.0	0.0	1.0	0.0	0.0	0.0	1.0	1.0	55.0	146.0	55.0	0.0	0.0	0.0	0.0	0.0	0.0	0.0	0.0	0.0	0.0	0.0	0.0	0.0	0.0	0.0	0.0	0.0	0.0	0.0	0.0	0.0	0.0	0.0	0.0	0.0	0.0	0.0	0.0	0.0	0.0	0.0	0.0	0.0	0.0	0.0	0.0	0.0	0.0	0.0
Number of pseudogene	0.0	0.0	0.0	0.0	0.0	0.0	0.0	0.0	0.0	0.0	0.0	16.0	20.0	0.0	0.0	25.0	25.0	117.0	0.0	0.0	0.0	0.0	0.0	0.0	0.0	0.0	0.0	0.0	0.0	0.0	0.0	0.0	0.0	0.0	0.0	0.0	0.0	0.0	0.0	0.0	0.0	0.0	0.0	0.0	0.0	0.0	0.0	0.0	0.0	0.0	0.0	0.0	0.0	0.0	0.0	0.0	0.0
Number gene..pseudogene overlapping	0.0	0.0	0.0	0.0	0.0	0.0	0.0	0.0	0.0	0.0	0.0	0.0	0.0	0.0	0.0	0.0	0.0	7.0	0.0	0.0	0.0	0.0	0.0	0.0	0.0	0.0	0.0	0.0	0.0	0.0	0.0	0.0	0.0	0.0	0.0	0.0	0.0	0.0	0.0	0.0	0.0	0.0	0.0	0.0	0.0	0.0	0.0	0.0	0.0	0.0	0.0	0.0	0.0	0.0	0.0	0.0	0.0
Number of single exon pseudogene	0.0	0.0	0.0	0.0	0.0	0.0	0.0	0.0	0.0	0.0	0.0	2.0	4.0	0.0	0.0	3.0	2.0	22.0	0.0	0.0	0.0	0.0	0.0	0.0	0.0	0.0	0.0	0.0	0.0	0.0	0.0	0.0	0.0	0.0	0.0	0.0	0.0	0.0	0.0	0.0	0.0	0.0	0.0	0.0	0.0	0.0	0.0	0.0	0.0	0.0	0.0	0.0	0.0	0.0	0.0	0.0	0.0
mean mrnas per pseudogene	0.0	0.0	0.0	0.0	0.0	0.0	0.0	0.0	0.0	0.0	0.0	6483.2	5112.3	0.0	0.0	0.0	0.0	0.0	0.0	0.0	0.0	0.0	0.0	0.0	0.0	0.0	0.0	0.0	0.0	0.0	0.0	0.0	0.0	0.0	0.0	0.0	0.0	0.0	0.0	0.0	0.0	0.0	0.0	0.0	0.0	0.0	0.0	0.0	0.0	0.0	0.0	0.0	0.0	0.0	0.0	0.0	0.0
Total pseudogene length (bp)	0.0	0.0	0.0	0.0	0.0	0.0	0.0	0.0	0.0	0.0	0.0	42553.0	42842.0	0.0	0.0	121057.0	87347.0	524287.0	0.0	0.0	0.0	0.0	0.0	0.0	0.0	0.0	0.0	0.0	0.0	0.0	0.0	0.0	0.0	0.0	0.0	0.0	0.0	0.0	0.0	0.0	0.0	0.0	0.0	0.0	0.0	0.0	0.0	0.0	0.0	0.0	0.0	0.0	0.0	0.0	0.0	0.0	0.0
mean pseudogene length (bp)	0.0	0.0	0.0	0.0	0.0	0.0	0.0	0.0	0.0	0.0	0.0	2659.0	2142.0	0.0	0.0	4842.0	3493.0	4481.0	0.0	0.0	0.0	0.0	0.0	0.0	0.0	0.0	0.0	0.0	0.0	0.0	0.0	0.0	0.0	0.0	0.0	0.0	0.0	0.0	0.0	0.0	0.0	0.0	0.0	0.0	0.0	0.0	0.0	0.0	0.0	0.0	0.0	0.0	0.0	0.0	0.0	0.0	0.0
% of genome covered by pseudogene	0.0	0.0	0.0	0.0	0.0	0.0	0.0	0.0	0.0	0.0	0.0	0.0	0.0	0.0	0.0	0.0	0.0	0.1	0.0	0.0	0.0	0.0	0.0	0.0	0.0	0.0	0.0	0.0	0.0	0.0	0.0	0.0	0.0	0.0	0.0	0.0	0.0	0.0	0.0	0.0	0.0	0.0	0.0	0.0	0.0	0.0	0.0	0.0	0.0	0.0	0.0	0.0	0.0	0.0	0.0	0.0	0.0
Longest pseudogene (bp)	0.0	0.0	0.0	0.0	0.0	0.0	0.0	0.0	0.0	0.0	0.0	7956.0	8245.0	0.0	0.0	15055.0	13057.0	38155.0	0.0	0.0	0.0	0.0	0.0	0.0	0.0	0.0	0.0	0.0	0.0	0.0	0.0	0.0	0.0	0.0	0.0	0.0	0.0	0.0	0.0	0.0	0.0	0.0	0.0	0.0	0.0	0.0	0.0	0.0	0.0	0.0	0.0	0.0	0.0	0.0	0.0	0.0	0.0
Shortest pseudogene (bp)	0.0	0.0	0.0	0.0	0.0	0.0	0.0	0.0	0.0	0.0	0.0	459.0	332.0	0.0	0.0	690.0	885.0	804.0	0.0	0.0	0.0	0.0	0.0	0.0	0.0	0.0	0.0	0.0	0.0	0.0	0.0	0.0	0.0	0.0	0.0	0.0	0.0	0.0	0.0	0.0	0.0	0.0	0.0	0.0	0.0	0.0	0.0	0.0	0.0	0.0	0.0	0.0	0.0	0.0	0.0	0.0	0.0
Number pseudogene..gene overlapping	0.0	0.0	0.0	0.0	0.0	0.0	0.0	0.0	0.0	0.0	0.0	0.0	0.0	0.0	0.0	12.0	0.0	120.0	0.0	0.0	0.0	0.0	0.0	0.0	0.0	0.0	0.0	0.0	0.0	0.0	0.0	0.0	0.0	0.0	0.0	0.0	0.0	0.0	0.0	0.0	0.0	0.0	0.0	0.0	0.0	0.0	0.0	0.0	0.0	0.0	0.0	0.0	0.0	0.0	0.0	0.0	0.0
Number of lnc_rna	0.0	0.0	0.0	0.0	0.0	0.0	0.0	0.0	0.0	0.0	0.0	0.0	0.0	0.0	0.0	4365.0	3917.0	9069.0	0.0	0.0	0.0	0.0	0.0	0.0	0.0	0.0	0.0	0.0	0.0	0.0	0.0	0.0	0.0	0.0	0.0	0.0	0.0	0.0	0.0	0.0	0.0	0.0	0.0	0.0	0.0	0.0	0.0	0.0	0.0	0.0	0.0	0.0	0.0	0.0	0.0	0.0	0.0
mean lnc_rnas per gene	0.0	0.0	0.0	0.0	0.0	0.0	0.0	0.0	0.0	0.0	0.0	0.0	0.0	0.0	0.0	1.0	1.0	1.0	0.0	0.0	0.0	0.0	0.0	0.0	0.0	0.0	0.0	0.0	0.0	0.0	0.0	0.0	0.0	0.0	0.0	0.0	0.0	0.0	0.0	0.0	0.0	0.0	0.0	0.0	0.0	0.0	0.0	0.0	0.0	0.0	0.0	0.0	0.0	0.0	0.0	0.0	0.0
mean exons per lnc_rna	0.0	0.0	0.0	0.0	0.0	0.0	0.0	0.0	0.0	0.0	0.0	0.0	0.0	0.0	0.0	2.6	3.6	3.3	0.0	0.0	0.0	0.0	0.0	0.0	0.0	0.0	0.0	0.0	0.0	0.0	0.0	0.0	0.0	0.0	0.0	0.0	0.0	0.0	0.0	0.0	0.0	0.0	0.0	0.0	0.0	0.0	0.0	0.0	0.0	0.0	0.0	0.0	0.0	0.0	0.0	0.0	0.0
mean introns in exons per lnc_rna	0.0	0.0	0.0	0.0	0.0	0.0	0.0	0.0	0.0	0.0	0.0	0.0	0.0	0.0	0.0	1.6	2.6	2.3	0.0	0.0	0.0	0.0	0.0	0.0	0.0	0.0	0.0	0.0	0.0	0.0	0.0	0.0	0.0	0.0	0.0	0.0	0.0	0.0	0.0	0.0	0.0	0.0	0.0	0.0	0.0	0.0	0.0	0.0	0.0	0.0	0.0	0.0	0.0	0.0	0.0	0.0	0.0
Total lnc_rna length (bp)	0.0	0.0	0.0	0.0	0.0	0.0	0.0	0.0	0.0	0.0	0.0	0.0	0.0	0.0	0.0	19309745.0	6508343.0	23874356.0	0.0	0.0	0.0	0.0	0.0	0.0	0.0	0.0	0.0	0.0	0.0	0.0	0.0	0.0	0.0	0.0	0.0	0.0	0.0	0.0	0.0	0.0	0.0	0.0	0.0	0.0	0.0	0.0	0.0	0.0	0.0	0.0	0.0	0.0	0.0	0.0	0.0	0.0	0.0
mean lnc_rna length (bp)	0.0	0.0	0.0	0.0	0.0	0.0	0.0	0.0	0.0	0.0	0.0	0.0	0.0	0.0	0.0	4423.0	1661.0	2632.0	0.0	0.0	0.0	0.0	0.0	0.0	0.0	0.0	0.0	0.0	0.0	0.0	0.0	0.0	0.0	0.0	0.0	0.0	0.0	0.0	0.0	0.0	0.0	0.0	0.0	0.0	0.0	0.0	0.0	0.0	0.0	0.0	0.0	0.0	0.0	0.0	0.0	0.0	0.0
% of genome covered by lnc_rna	0.0	0.0	0.0	0.0	0.0	0.0	0.0	0.0	0.0	0.0	0.0	0.0	0.0	0.0	0.0	5.5	1.4	2.4	0.0	0.0	0.0	0.0	0.0	0.0	0.0	0.0	0.0	0.0	0.0	0.0	0.0	0.0	0.0	0.0	0.0	0.0	0.0	0.0	0.0	0.0	0.0	0.0	0.0	0.0	0.0	0.0	0.0	0.0	0.0	0.0	0.0	0.0	0.0	0.0	0.0	0.0	0.0
Longest lnc_rna (bp)	0.0	0.0	0.0	0.0	0.0	0.0	0.0	0.0	0.0	0.0	0.0	0.0	0.0	0.0	0.0	57061.0	26970.0	28762.0	0.0	0.0	0.0	0.0	0.0	0.0	0.0	0.0	0.0	0.0	0.0	0.0	0.0	0.0	0.0	0.0	0.0	0.0	0.0	0.0	0.0	0.0	0.0	0.0	0.0	0.0	0.0	0.0	0.0	0.0	0.0	0.0	0.0	0.0	0.0	0.0	0.0	0.0	0.0
Shortest lnc_rna (bp)	0.0	0.0	0.0	0.0	0.0	0.0	0.0	0.0	0.0	0.0	0.0	0.0	0.0	0.0	0.0	201.0	161.0	216.0	0.0	0.0	0.0	0.0	0.0	0.0	0.0	0.0	0.0	0.0	0.0	0.0	0.0	0.0	0.0	0.0	0.0	0.0	0.0	0.0	0.0	0.0	0.0	0.0	0.0	0.0	0.0	0.0	0.0	0.0	0.0	0.0	0.0	0.0	0.0	0.0	0.0	0.0	0.0
Number of mirna	0.0	0.0	0.0	0.0	0.0	0.0	0.0	0.0	0.0	0.0	0.0	0.0	0.0	0.0	0.0	88.0	0.0	0.0	0.0	0.0	0.0	0.0	0.0	0.0	0.0	0.0	0.0	0.0	0.0	0.0	0.0	0.0	0.0	0.0	0.0	0.0	0.0	0.0	0.0	0.0	0.0	0.0	0.0	0.0	0.0	0.0	0.0	0.0	0.0	0.0	0.0	0.0	0.0	0.0	0.0	0.0	0.0
Number of single exon mirna	0.0	0.0	0.0	0.0	0.0	0.0	0.0	0.0	0.0	0.0	0.0	0.0	0.0	0.0	0.0	88.0	0.0	0.0	0.0	0.0	0.0	0.0	0.0	0.0	0.0	0.0	0.0	0.0	0.0	0.0	0.0	0.0	0.0	0.0	0.0	0.0	0.0	0.0	0.0	0.0	0.0	0.0	0.0	0.0	0.0	0.0	0.0	0.0	0.0	0.0	0.0	0.0	0.0	0.0	0.0	0.0	0.0
mean mirnas per gene	0.0	0.0	0.0	0.0	0.0	0.0	0.0	0.0	0.0	0.0	0.0	0.0	0.0	0.0	0.0	1.0	0.0	0.0	0.0	0.0	0.0	0.0	0.0	0.0	0.0	0.0	0.0	0.0	0.0	0.0	0.0	0.0	0.0	0.0	0.0	0.0	0.0	0.0	0.0	0.0	0.0	0.0	0.0	0.0	0.0	0.0	0.0	0.0	0.0	0.0	0.0	0.0	0.0	0.0	0.0	0.0	0.0
mean exons per mirna	0.0	0.0	0.0	0.0	0.0	0.0	0.0	0.0	0.0	0.0	0.0	0.0	0.0	0.0	0.0	1.0	0.0	0.0	0.0	0.0	0.0	0.0	0.0	0.0	0.0	0.0	0.0	0.0	0.0	0.0	0.0	0.0	0.0	0.0	0.0	0.0	0.0	0.0	0.0	0.0	0.0	0.0	0.0	0.0	0.0	0.0	0.0	0.0	0.0	0.0	0.0	0.0	0.0	0.0	0.0	0.0	0.0
Total mirna length (bp)	0.0	0.0	0.0	0.0	0.0	0.0	0.0	0.0	0.0	0.0	0.0	0.0	0.0	0.0	0.0	1882.0	0.0	0.0	0.0	0.0	0.0	0.0	0.0	0.0	0.0	0.0	0.0	0.0	0.0	0.0	0.0	0.0	0.0	0.0	0.0	0.0	0.0	0.0	0.0	0.0	0.0	0.0	0.0	0.0	0.0	0.0	0.0	0.0	0.0	0.0	0.0	0.0	0.0	0.0	0.0	0.0	0.0
mean mirna length (bp)	0.0	0.0	0.0	0.0	0.0	0.0	0.0	0.0	0.0	0.0	0.0	0.0	0.0	0.0	0.0	21.0	0.0	0.0	0.0	0.0	0.0	0.0	0.0	0.0	0.0	0.0	0.0	0.0	0.0	0.0	0.0	0.0	0.0	0.0	0.0	0.0	0.0	0.0	0.0	0.0	0.0	0.0	0.0	0.0	0.0	0.0	0.0	0.0	0.0	0.0	0.0	0.0	0.0	0.0	0.0	0.0	0.0
% of genome covered by mirna	0.0	0.0	0.0	0.0	0.0	0.0	0.0	0.0	0.0	0.0	0.0	0.0	0.0	0.0	0.0	0.0	0.0	0.0	0.0	0.0	0.0	0.0	0.0	0.0	0.0	0.0	0.0	0.0	0.0	0.0	0.0	0.0	0.0	0.0	0.0	0.0	0.0	0.0	0.0	0.0	0.0	0.0	0.0	0.0	0.0	0.0	0.0	0.0	0.0	0.0	0.0	0.0	0.0	0.0	0.0	0.0	0.0
Longest mirna (bp)	0.0	0.0	0.0	0.0	0.0	0.0	0.0	0.0	0.0	0.0	0.0	0.0	0.0	0.0	0.0	24.0	0.0	0.0	0.0	0.0	0.0	0.0	0.0	0.0	0.0	0.0	0.0	0.0	0.0	0.0	0.0	0.0	0.0	0.0	0.0	0.0	0.0	0.0	0.0	0.0	0.0	0.0	0.0	0.0	0.0	0.0	0.0	0.0	0.0	0.0	0.0	0.0	0.0	0.0	0.0	0.0	0.0
Shortest mirna (bp)	0.0	0.0	0.0	0.0	0.0	0.0	0.0	0.0	0.0	0.0	0.0	0.0	0.0	0.0	0.0	21.0	0.0	0.0	0.0	0.0	0.0	0.0	0.0	0.0	0.0	0.0	0.0	0.0	0.0	0.0	0.0	0.0	0.0	0.0	0.0	0.0	0.0	0.0	0.0	0.0	0.0	0.0	0.0	0.0	0.0	0.0	0.0	0.0	0.0	0.0	0.0	0.0	0.0	0.0	0.0	0.0	0.0
Number of primary_transcript	0.0	0.0	0.0	0.0	0.0	0.0	0.0	0.0	0.0	0.0	0.0	0.0	0.0	0.0	0.0	88.0	0.0	0.0	0.0	0.0	0.0	0.0	0.0	0.0	0.0	0.0	0.0	0.0	0.0	0.0	0.0	0.0	0.0	0.0	0.0	0.0	0.0	0.0	0.0	0.0	0.0	0.0	0.0	0.0	0.0	0.0	0.0	0.0	0.0	0.0	0.0	0.0	0.0	0.0	0.0	0.0	0.0
Number of single exon primary_transcript	0.0	0.0	0.0	0.0	0.0	0.0	0.0	0.0	0.0	0.0	0.0	0.0	0.0	0.0	0.0	88.0	0.0	0.0	0.0	0.0	0.0	0.0	0.0	0.0	0.0	0.0	0.0	0.0	0.0	0.0	0.0	0.0	0.0	0.0	0.0	0.0	0.0	0.0	0.0	0.0	0.0	0.0	0.0	0.0	0.0	0.0	0.0	0.0	0.0	0.0	0.0	0.0	0.0	0.0	0.0	0.0	0.0
mean primary_transcripts per gene	0.0	0.0	0.0	0.0	0.0	0.0	0.0	0.0	0.0	0.0	0.0	0.0	0.0	0.0	0.0	1.0	0.0	0.0	0.0	0.0	0.0	0.0	0.0	0.0	0.0	0.0	0.0	0.0	0.0	0.0	0.0	0.0	0.0	0.0	0.0	0.0	0.0	0.0	0.0	0.0	0.0	0.0	0.0	0.0	0.0	0.0	0.0	0.0	0.0	0.0	0.0	0.0	0.0	0.0	0.0	0.0	0.0
mean exons per primary_transcript	0.0	0.0	0.0	0.0	0.0	0.0	0.0	0.0	0.0	0.0	0.0	0.0	0.0	0.0	0.0	1.0	0.0	0.0	0.0	0.0	0.0	0.0	0.0	0.0	0.0	0.0	0.0	0.0	0.0	0.0	0.0	0.0	0.0	0.0	0.0	0.0	0.0	0.0	0.0	0.0	0.0	0.0	0.0	0.0	0.0	0.0	0.0	0.0	0.0	0.0	0.0	0.0	0.0	0.0	0.0	0.0	0.0
Total primary_transcript length (bp)	0.0	0.0	0.0	0.0	0.0	0.0	0.0	0.0	0.0	0.0	0.0	0.0	0.0	0.0	0.0	14190.0	0.0	0.0	0.0	0.0	0.0	0.0	0.0	0.0	0.0	0.0	0.0	0.0	0.0	0.0	0.0	0.0	0.0	0.0	0.0	0.0	0.0	0.0	0.0	0.0	0.0	0.0	0.0	0.0	0.0	0.0	0.0	0.0	0.0	0.0	0.0	0.0	0.0	0.0	0.0	0.0	0.0
mean primary_transcript length (bp)	0.0	0.0	0.0	0.0	0.0	0.0	0.0	0.0	0.0	0.0	0.0	0.0	0.0	0.0	0.0	161.0	0.0	0.0	0.0	0.0	0.0	0.0	0.0	0.0	0.0	0.0	0.0	0.0	0.0	0.0	0.0	0.0	0.0	0.0	0.0	0.0	0.0	0.0	0.0	0.0	0.0	0.0	0.0	0.0	0.0	0.0	0.0	0.0	0.0	0.0	0.0	0.0	0.0	0.0	0.0	0.0	0.0
% of genome covered by primary_transcript	0.0	0.0	0.0	0.0	0.0	0.0	0.0	0.0	0.0	0.0	0.0	0.0	0.0	0.0	0.0	0.0	0.0	0.0	0.0	0.0	0.0	0.0	0.0	0.0	0.0	0.0	0.0	0.0	0.0	0.0	0.0	0.0	0.0	0.0	0.0	0.0	0.0	0.0	0.0	0.0	0.0	0.0	0.0	0.0	0.0	0.0	0.0	0.0	0.0	0.0	0.0	0.0	0.0	0.0	0.0	0.0	0.0
Longest primary_transcript (bp)	0.0	0.0	0.0	0.0	0.0	0.0	0.0	0.0	0.0	0.0	0.0	0.0	0.0	0.0	0.0	632.0	0.0	0.0	0.0	0.0	0.0	0.0	0.0	0.0	0.0	0.0	0.0	0.0	0.0	0.0	0.0	0.0	0.0	0.0	0.0	0.0	0.0	0.0	0.0	0.0	0.0	0.0	0.0	0.0	0.0	0.0	0.0	0.0	0.0	0.0	0.0	0.0	0.0	0.0	0.0	0.0	0.0
Shortest primary_transcript (bp)	0.0	0.0	0.0	0.0	0.0	0.0	0.0	0.0	0.0	0.0	0.0	0.0	0.0	0.0	0.0	85.0	0.0	0.0	0.0	0.0	0.0	0.0	0.0	0.0	0.0	0.0	0.0	0.0	0.0	0.0	0.0	0.0	0.0	0.0	0.0	0.0	0.0	0.0	0.0	0.0	0.0	0.0	0.0	0.0	0.0	0.0	0.0	0.0	0.0	0.0	0.0	0.0	0.0	0.0	0.0	0.0	0.0
Number pseudogene overlapping	0.0	0.0	0.0	0.0	0.0	0.0	0.0	0.0	0.0	0.0	0.0	0.0	0.0	0.0	0.0	53.0	14.0	0.0	0.0	0.0	0.0	0.0	0.0	0.0	0.0	0.0	0.0	0.0	0.0	0.0	0.0	0.0	0.0	0.0	0.0	0.0	0.0	0.0	0.0	0.0	0.0	0.0	0.0	0.0	0.0	0.0	0.0	0.0	0.0	0.0	0.0	0.0	0.0	0.0	0.0	0.0	0.0
mean rnas per pseudogene	0.0	0.0	0.0	0.0	0.0	0.0	0.0	0.0	0.0	0.0	0.0	0.0	0.0	0.0	0.0	1.0	1.0	1.0	0.0	0.0	0.0	0.0	0.0	0.0	0.0	0.0	0.0	0.0	0.0	0.0	0.0	0.0	0.0	0.0	0.0	0.0	0.0	0.0	0.0	0.0	0.0	0.0	0.0	0.0	0.0	0.0	0.0	0.0	0.0	0.0	0.0	0.0	0.0	0.0	0.0	0.0	0.0
Number of rrna	0.0	0.0	0.0	0.0	0.0	0.0	0.0	0.0	0.0	0.0	0.0	0.0	0.0	0.0	0.0	1382.0	3.0	7260.0	0.0	0.0	0.0	0.0	0.0	0.0	0.0	0.0	0.0	0.0	0.0	0.0	0.0	0.0	0.0	0.0	0.0	0.0	0.0	0.0	0.0	0.0	0.0	0.0	0.0	0.0	0.0	0.0	0.0	0.0	0.0	0.0	0.0	0.0	0.0	0.0	0.0	0.0	0.0
Number of single exon rrna	0.0	0.0	0.0	0.0	0.0	0.0	0.0	0.0	0.0	0.0	0.0	0.0	0.0	0.0	0.0	1382.0	3.0	7260.0	0.0	0.0	0.0	0.0	0.0	0.0	0.0	0.0	0.0	0.0	0.0	0.0	0.0	0.0	0.0	0.0	0.0	0.0	0.0	0.0	0.0	0.0	0.0	0.0	0.0	0.0	0.0	0.0	0.0	0.0	0.0	0.0	0.0	0.0	0.0	0.0	0.0	0.0	0.0
mean rrnas per gene	0.0	0.0	0.0	0.0	0.0	0.0	0.0	0.0	0.0	0.0	0.0	0.0	0.0	0.0	0.0	1.0	1.0	1.0	0.0	0.0	0.0	0.0	0.0	0.0	0.0	0.0	0.0	0.0	0.0	0.0	0.0	0.0	0.0	0.0	0.0	0.0	0.0	0.0	0.0	0.0	0.0	0.0	0.0	0.0	0.0	0.0	0.0	0.0	0.0	0.0	0.0	0.0	0.0	0.0	0.0	0.0	0.0
mean exons per rrna	0.0	0.0	0.0	0.0	0.0	0.0	0.0	0.0	0.0	0.0	0.0	0.0	0.0	0.0	0.0	1.0	1.0	1.0	0.0	0.0	0.0	0.0	0.0	0.0	0.0	0.0	0.0	0.0	0.0	0.0	0.0	0.0	0.0	0.0	0.0	0.0	0.0	0.0	0.0	0.0	0.0	0.0	0.0	0.0	0.0	0.0	0.0	0.0	0.0	0.0	0.0	0.0	0.0	0.0	0.0	0.0	0.0
Total rrna length (bp)	0.0	0.0	0.0	0.0	0.0	0.0	0.0	0.0	0.0	0.0	0.0	0.0	0.0	0.0	0.0	741673.0	5115.0	7630366.0	0.0	0.0	0.0	0.0	0.0	0.0	0.0	0.0	0.0	0.0	0.0	0.0	0.0	0.0	0.0	0.0	0.0	0.0	0.0	0.0	0.0	0.0	0.0	0.0	0.0	0.0	0.0	0.0	0.0	0.0	0.0	0.0	0.0	0.0	0.0	0.0	0.0	0.0	0.0
mean rrna length (bp)	0.0	0.0	0.0	0.0	0.0	0.0	0.0	0.0	0.0	0.0	0.0	0.0	0.0	0.0	0.0	536.0	1705.0	1051.0	0.0	0.0	0.0	0.0	0.0	0.0	0.0	0.0	0.0	0.0	0.0	0.0	0.0	0.0	0.0	0.0	0.0	0.0	0.0	0.0	0.0	0.0	0.0	0.0	0.0	0.0	0.0	0.0	0.0	0.0	0.0	0.0	0.0	0.0	0.0	0.0	0.0	0.0	0.0
% of genome covered by rrna	0.0	0.0	0.0	0.0	0.0	0.0	0.0	0.0	0.0	0.0	0.0	0.0	0.0	0.0	0.0	0.2	0.0	0.8	0.0	0.0	0.0	0.0	0.0	0.0	0.0	0.0	0.0	0.0	0.0	0.0	0.0	0.0	0.0	0.0	0.0	0.0	0.0	0.0	0.0	0.0	0.0	0.0	0.0	0.0	0.0	0.0	0.0	0.0	0.0	0.0	0.0	0.0	0.0	0.0	0.0	0.0	0.0
Longest rrna (bp)	0.0	0.0	0.0	0.0	0.0	0.0	0.0	0.0	0.0	0.0	0.0	0.0	0.0	0.0	0.0	3521.0	3148.0	3519.0	0.0	0.0	0.0	0.0	0.0	0.0	0.0	0.0	0.0	0.0	0.0	0.0	0.0	0.0	0.0	0.0	0.0	0.0	0.0	0.0	0.0	0.0	0.0	0.0	0.0	0.0	0.0	0.0	0.0	0.0	0.0	0.0	0.0	0.0	0.0	0.0	0.0	0.0	0.0
Shortest rrna (bp)	0.0	0.0	0.0	0.0	0.0	0.0	0.0	0.0	0.0	0.0	0.0	0.0	0.0	0.0	0.0	115.0	119.0	103.0	0.0	0.0	0.0	0.0	0.0	0.0	0.0	0.0	0.0	0.0	0.0	0.0	0.0	0.0	0.0	0.0	0.0	0.0	0.0	0.0	0.0	0.0	0.0	0.0	0.0	0.0	0.0	0.0	0.0	0.0	0.0	0.0	0.0	0.0	0.0	0.0	0.0	0.0	0.0
Number of snorna	0.0	0.0	0.0	0.0	0.0	0.0	0.0	0.0	0.0	0.0	0.0	0.0	0.0	0.0	0.0	1155.0	0.0	3579.0	0.0	0.0	0.0	0.0	0.0	0.0	0.0	0.0	0.0	0.0	0.0	0.0	0.0	0.0	0.0	0.0	0.0	0.0	0.0	0.0	0.0	0.0	0.0	0.0	0.0	0.0	0.0	0.0	0.0	0.0	0.0	0.0	0.0	0.0	0.0	0.0	0.0	0.0	0.0
Number of single exon snorna	0.0	0.0	0.0	0.0	0.0	0.0	0.0	0.0	0.0	0.0	0.0	0.0	0.0	0.0	0.0	1155.0	0.0	3579.0	0.0	0.0	0.0	0.0	0.0	0.0	0.0	0.0	0.0	0.0	0.0	0.0	0.0	0.0	0.0	0.0	0.0	0.0	0.0	0.0	0.0	0.0	0.0	0.0	0.0	0.0	0.0	0.0	0.0	0.0	0.0	0.0	0.0	0.0	0.0	0.0	0.0	0.0	0.0
mean snornas per gene	0.0	0.0	0.0	0.0	0.0	0.0	0.0	0.0	0.0	0.0	0.0	0.0	0.0	0.0	0.0	1.0	0.0	1.0	0.0	0.0	0.0	0.0	0.0	0.0	0.0	0.0	0.0	0.0	0.0	0.0	0.0	0.0	0.0	0.0	0.0	0.0	0.0	0.0	0.0	0.0	0.0	0.0	0.0	0.0	0.0	0.0	0.0	0.0	0.0	0.0	0.0	0.0	0.0	0.0	0.0	0.0	0.0
mean exons per snorna	0.0	0.0	0.0	0.0	0.0	0.0	0.0	0.0	0.0	0.0	0.0	0.0	0.0	0.0	0.0	1.0	0.0	1.0	0.0	0.0	0.0	0.0	0.0	0.0	0.0	0.0	0.0	0.0	0.0	0.0	0.0	0.0	0.0	0.0	0.0	0.0	0.0	0.0	0.0	0.0	0.0	0.0	0.0	0.0	0.0	0.0	0.0	0.0	0.0	0.0	0.0	0.0	0.0	0.0	0.0	0.0	0.0
Total snorna length (bp)	0.0	0.0	0.0	0.0	0.0	0.0	0.0	0.0	0.0	0.0	0.0	0.0	0.0	0.0	0.0	122039.0	0.0	381407.0	0.0	0.0	0.0	0.0	0.0	0.0	0.0	0.0	0.0	0.0	0.0	0.0	0.0	0.0	0.0	0.0	0.0	0.0	0.0	0.0	0.0	0.0	0.0	0.0	0.0	0.0	0.0	0.0	0.0	0.0	0.0	0.0	0.0	0.0	0.0	0.0	0.0	0.0	0.0
mean snorna length (bp)	0.0	0.0	0.0	0.0	0.0	0.0	0.0	0.0	0.0	0.0	0.0	0.0	0.0	0.0	0.0	105.0	0.0	106.0	0.0	0.0	0.0	0.0	0.0	0.0	0.0	0.0	0.0	0.0	0.0	0.0	0.0	0.0	0.0	0.0	0.0	0.0	0.0	0.0	0.0	0.0	0.0	0.0	0.0	0.0	0.0	0.0	0.0	0.0	0.0	0.0	0.0	0.0	0.0	0.0	0.0	0.0	0.0
% of genome covered by snorna	0.0	0.0	0.0	0.0	0.0	0.0	0.0	0.0	0.0	0.0	0.0	0.0	0.0	0.0	0.0	0.0	0.0	0.0	0.0	0.0	0.0	0.0	0.0	0.0	0.0	0.0	0.0	0.0	0.0	0.0	0.0	0.0	0.0	0.0	0.0	0.0	0.0	0.0	0.0	0.0	0.0	0.0	0.0	0.0	0.0	0.0	0.0	0.0	0.0	0.0	0.0	0.0	0.0	0.0	0.0	0.0	0.0
Longest snorna (bp)	0.0	0.0	0.0	0.0	0.0	0.0	0.0	0.0	0.0	0.0	0.0	0.0	0.0	0.0	0.0	219.0	0.0	221.0	0.0	0.0	0.0	0.0	0.0	0.0	0.0	0.0	0.0	0.0	0.0	0.0	0.0	0.0	0.0	0.0	0.0	0.0	0.0	0.0	0.0	0.0	0.0	0.0	0.0	0.0	0.0	0.0	0.0	0.0	0.0	0.0	0.0	0.0	0.0	0.0	0.0	0.0	0.0
Shortest snorna (bp)	0.0	0.0	0.0	0.0	0.0	0.0	0.0	0.0	0.0	0.0	0.0	0.0	0.0	0.0	0.0	65.0	0.0	60.0	0.0	0.0	0.0	0.0	0.0	0.0	0.0	0.0	0.0	0.0	0.0	0.0	0.0	0.0	0.0	0.0	0.0	0.0	0.0	0.0	0.0	0.0	0.0	0.0	0.0	0.0	0.0	0.0	0.0	0.0	0.0	0.0	0.0	0.0	0.0	0.0	0.0	0.0	0.0
Number of snrna	0.0	0.0	0.0	0.0	0.0	0.0	0.0	0.0	0.0	0.0	0.0	0.0	0.0	0.0	0.0	149.0	0.0	344.0	0.0	0.0	0.0	0.0	0.0	0.0	0.0	0.0	0.0	0.0	0.0	0.0	0.0	0.0	0.0	0.0	0.0	0.0	0.0	0.0	0.0	0.0	0.0	0.0	0.0	0.0	0.0	0.0	0.0	0.0	0.0	0.0	0.0	0.0	0.0	0.0	0.0	0.0	0.0
Number of single exon snrna	0.0	0.0	0.0	0.0	0.0	0.0	0.0	0.0	0.0	0.0	0.0	0.0	0.0	0.0	0.0	149.0	0.0	344.0	0.0	0.0	0.0	0.0	0.0	0.0	0.0	0.0	0.0	0.0	0.0	0.0	0.0	0.0	0.0	0.0	0.0	0.0	0.0	0.0	0.0	0.0	0.0	0.0	0.0	0.0	0.0	0.0	0.0	0.0	0.0	0.0	0.0	0.0	0.0	0.0	0.0	0.0	0.0
mean snrnas per gene	0.0	0.0	0.0	0.0	0.0	0.0	0.0	0.0	0.0	0.0	0.0	0.0	0.0	0.0	0.0	1.0	0.0	1.0	0.0	0.0	0.0	0.0	0.0	0.0	0.0	0.0	0.0	0.0	0.0	0.0	0.0	0.0	0.0	0.0	0.0	0.0	0.0	0.0	0.0	0.0	0.0	0.0	0.0	0.0	0.0	0.0	0.0	0.0	0.0	0.0	0.0	0.0	0.0	0.0	0.0	0.0	0.0
mean exons per snrna	0.0	0.0	0.0	0.0	0.0	0.0	0.0	0.0	0.0	0.0	0.0	0.0	0.0	0.0	0.0	1.0	0.0	1.0	0.0	0.0	0.0	0.0	0.0	0.0	0.0	0.0	0.0	0.0	0.0	0.0	0.0	0.0	0.0	0.0	0.0	0.0	0.0	0.0	0.0	0.0	0.0	0.0	0.0	0.0	0.0	0.0	0.0	0.0	0.0	0.0	0.0	0.0	0.0	0.0	0.0	0.0	0.0
Total snrna length (bp)	0.0	0.0	0.0	0.0	0.0	0.0	0.0	0.0	0.0	0.0	0.0	0.0	0.0	0.0	0.0	21230.0	0.0	50489.0	0.0	0.0	0.0	0.0	0.0	0.0	0.0	0.0	0.0	0.0	0.0	0.0	0.0	0.0	0.0	0.0	0.0	0.0	0.0	0.0	0.0	0.0	0.0	0.0	0.0	0.0	0.0	0.0	0.0	0.0	0.0	0.0	0.0	0.0	0.0	0.0	0.0	0.0	0.0
mean snrna length (bp)	0.0	0.0	0.0	0.0	0.0	0.0	0.0	0.0	0.0	0.0	0.0	0.0	0.0	0.0	0.0	142.0	0.0	146.0	0.0	0.0	0.0	0.0	0.0	0.0	0.0	0.0	0.0	0.0	0.0	0.0	0.0	0.0	0.0	0.0	0.0	0.0	0.0	0.0	0.0	0.0	0.0	0.0	0.0	0.0	0.0	0.0	0.0	0.0	0.0	0.0	0.0	0.0	0.0	0.0	0.0	0.0	0.0
% of genome covered by snrna	0.0	0.0	0.0	0.0	0.0	0.0	0.0	0.0	0.0	0.0	0.0	0.0	0.0	0.0	0.0	0.0	0.0	0.0	0.0	0.0	0.0	0.0	0.0	0.0	0.0	0.0	0.0	0.0	0.0	0.0	0.0	0.0	0.0	0.0	0.0	0.0	0.0	0.0	0.0	0.0	0.0	0.0	0.0	0.0	0.0	0.0	0.0	0.0	0.0	0.0	0.0	0.0	0.0	0.0	0.0	0.0	0.0
Longest snrna (bp)	0.0	0.0	0.0	0.0	0.0	0.0	0.0	0.0	0.0	0.0	0.0	0.0	0.0	0.0	0.0	197.0	0.0	200.0	0.0	0.0	0.0	0.0	0.0	0.0	0.0	0.0	0.0	0.0	0.0	0.0	0.0	0.0	0.0	0.0	0.0	0.0	0.0	0.0	0.0	0.0	0.0	0.0	0.0	0.0	0.0	0.0	0.0	0.0	0.0	0.0	0.0	0.0	0.0	0.0	0.0	0.0	0.0
Shortest snrna (bp)	0.0	0.0	0.0	0.0	0.0	0.0	0.0	0.0	0.0	0.0	0.0	0.0	0.0	0.0	0.0	99.0	0.0	99.0	0.0	0.0	0.0	0.0	0.0	0.0	0.0	0.0	0.0	0.0	0.0	0.0	0.0	0.0	0.0	0.0	0.0	0.0	0.0	0.0	0.0	0.0	0.0	0.0	0.0	0.0	0.0	0.0	0.0	0.0	0.0	0.0	0.0	0.0	0.0	0.0	0.0	0.0	0.0
Number of transcript	0.0	0.0	0.0	0.0	0.0	0.0	0.0	0.0	0.0	0.0	0.0	0.0	0.0	0.0	0.0	1473.0	922.0	2354.0	0.0	0.0	0.0	0.0	0.0	0.0	0.0	0.0	0.0	0.0	0.0	0.0	0.0	0.0	0.0	0.0	0.0	0.0	0.0	0.0	0.0	0.0	0.0	0.0	0.0	0.0	0.0	0.0	0.0	0.0	0.0	0.0	0.0	0.0	0.0	0.0	0.0	0.0	0.0
Number of single exon transcript	0.0	0.0	0.0	0.0	0.0	0.0	0.0	0.0	0.0	0.0	0.0	0.0	0.0	0.0	0.0	6.0	2.0	33.0	0.0	0.0	0.0	0.0	0.0	0.0	0.0	0.0	0.0	0.0	0.0	0.0	0.0	0.0	0.0	0.0	0.0	0.0	0.0	0.0	0.0	0.0	0.0	0.0	0.0	0.0	0.0	0.0	0.0	0.0	0.0	0.0	0.0	0.0	0.0	0.0	0.0	0.0	0.0
mean transcripts per gene	0.0	0.0	0.0	0.0	0.0	0.0	0.0	0.0	0.0	0.0	0.0	0.0	0.0	0.0	0.0	1.0	1.0	1.1	0.0	0.0	0.0	0.0	0.0	0.0	0.0	0.0	0.0	0.0	0.0	0.0	0.0	0.0	0.0	0.0	0.0	0.0	0.0	0.0	0.0	0.0	0.0	0.0	0.0	0.0	0.0	0.0	0.0	0.0	0.0	0.0	0.0	0.0	0.0	0.0	0.0	0.0	0.0
mean transcripts per pseudogene	0.0	0.0	0.0	0.0	0.0	0.0	0.0	0.0	0.0	0.0	0.0	0.0	0.0	0.0	0.0	58.9	36.9	20.1	0.0	0.0	0.0	0.0	0.0	0.0	0.0	0.0	0.0	0.0	0.0	0.0	0.0	0.0	0.0	0.0	0.0	0.0	0.0	0.0	0.0	0.0	0.0	0.0	0.0	0.0	0.0	0.0	0.0	0.0	0.0	0.0	0.0	0.0	0.0	0.0	0.0	0.0	0.0
mean exons per transcript	0.0	0.0	0.0	0.0	0.0	0.0	0.0	0.0	0.0	0.0	0.0	0.0	0.0	0.0	0.0	7.1	7.1	7.1	0.0	0.0	0.0	0.0	0.0	0.0	0.0	0.0	0.0	0.0	0.0	0.0	0.0	0.0	0.0	0.0	0.0	0.0	0.0	0.0	0.0	0.0	0.0	0.0	0.0	0.0	0.0	0.0	0.0	0.0	0.0	0.0	0.0	0.0	0.0	0.0	0.0	0.0	0.0
mean introns in exons per transcript	0.0	0.0	0.0	0.0	0.0	0.0	0.0	0.0	0.0	0.0	0.0	0.0	0.0	0.0	0.0	6.1	6.1	6.1	0.0	0.0	0.0	0.0	0.0	0.0	0.0	0.0	0.0	0.0	0.0	0.0	0.0	0.0	0.0	0.0	0.0	0.0	0.0	0.0	0.0	0.0	0.0	0.0	0.0	0.0	0.0	0.0	0.0	0.0	0.0	0.0	0.0	0.0	0.0	0.0	0.0	0.0	0.0
Total transcript length (bp)	0.0	0.0	0.0	0.0	0.0	0.0	0.0	0.0	0.0	0.0	0.0	0.0	0.0	0.0	0.0	7799726.0	2950156.0	9135472.0	0.0	0.0	0.0	0.0	0.0	0.0	0.0	0.0	0.0	0.0	0.0	0.0	0.0	0.0	0.0	0.0	0.0	0.0	0.0	0.0	0.0	0.0	0.0	0.0	0.0	0.0	0.0	0.0	0.0	0.0	0.0	0.0	0.0	0.0	0.0	0.0	0.0	0.0	0.0
mean transcript length (bp)	0.0	0.0	0.0	0.0	0.0	0.0	0.0	0.0	0.0	0.0	0.0	0.0	0.0	0.0	0.0	5295.0	3199.0	3880.0	0.0	0.0	0.0	0.0	0.0	0.0	0.0	0.0	0.0	0.0	0.0	0.0	0.0	0.0	0.0	0.0	0.0	0.0	0.0	0.0	0.0	0.0	0.0	0.0	0.0	0.0	0.0	0.0	0.0	0.0	0.0	0.0	0.0	0.0	0.0	0.0	0.0	0.0	0.0
% of genome covered by transcript	0.0	0.0	0.0	0.0	0.0	0.0	0.0	0.0	0.0	0.0	0.0	0.0	0.0	0.0	0.0	2.2	0.6	0.9	0.0	0.0	0.0	0.0	0.0	0.0	0.0	0.0	0.0	0.0	0.0	0.0	0.0	0.0	0.0	0.0	0.0	0.0	0.0	0.0	0.0	0.0	0.0	0.0	0.0	0.0	0.0	0.0	0.0	0.0	0.0	0.0	0.0	0.0	0.0	0.0	0.0	0.0	0.0
Longest transcript (bp)	0.0	0.0	0.0	0.0	0.0	0.0	0.0	0.0	0.0	0.0	0.0	0.0	0.0	0.0	0.0	70414.0	30627.0	38155.0	0.0	0.0	0.0	0.0	0.0	0.0	0.0	0.0	0.0	0.0	0.0	0.0	0.0	0.0	0.0	0.0	0.0	0.0	0.0	0.0	0.0	0.0	0.0	0.0	0.0	0.0	0.0	0.0	0.0	0.0	0.0	0.0	0.0	0.0	0.0	0.0	0.0	0.0	0.0
Shortest transcript (bp)	0.0	0.0	0.0	0.0	0.0	0.0	0.0	0.0	0.0	0.0	0.0	0.0	0.0	0.0	0.0	287.0	301.0	391.0	0.0	0.0	0.0	0.0	0.0	0.0	0.0	0.0	0.0	0.0	0.0	0.0	0.0	0.0	0.0	0.0	0.0	0.0	0.0	0.0	0.0	0.0	0.0	0.0	0.0	0.0	0.0	0.0	0.0	0.0	0.0	0.0	0.0	0.0	0.0	0.0	0.0	0.0	0.0
Number of trna	0.0	0.0	0.0	0.0	0.0	0.0	0.0	0.0	0.0	0.0	0.0	0.0	0.0	0.0	0.0	1100.0	985.0	2594.0	0.0	0.0	0.0	0.0	0.0	0.0	0.0	0.0	0.0	0.0	0.0	0.0	0.0	0.0	0.0	0.0	0.0	0.0	0.0	0.0	0.0	0.0	0.0	0.0	0.0	0.0	0.0	0.0	0.0	0.0	0.0	0.0	0.0	0.0	0.0	0.0	0.0	0.0	0.0
Number of single exon trna	0.0	0.0	0.0	0.0	0.0	0.0	0.0	0.0	0.0	0.0	0.0	0.0	0.0	0.0	0.0	1028.0	926.0	2429.0	0.0	0.0	0.0	0.0	0.0	0.0	0.0	0.0	0.0	0.0	0.0	0.0	0.0	0.0	0.0	0.0	0.0	0.0	0.0	0.0	0.0	0.0	0.0	0.0	0.0	0.0	0.0	0.0	0.0	0.0	0.0	0.0	0.0	0.0	0.0	0.0	0.0	0.0	0.0
mean trnas per gene	0.0	0.0	0.0	0.0	0.0	0.0	0.0	0.0	0.0	0.0	0.0	0.0	0.0	0.0	0.0	1.0	1.0	1.0	0.0	0.0	0.0	0.0	0.0	0.0	0.0	0.0	0.0	0.0	0.0	0.0	0.0	0.0	0.0	0.0	0.0	0.0	0.0	0.0	0.0	0.0	0.0	0.0	0.0	0.0	0.0	0.0	0.0	0.0	0.0	0.0	0.0	0.0	0.0	0.0	0.0	0.0	0.0
mean exons per trna	0.0	0.0	0.0	0.0	0.0	0.0	0.0	0.0	0.0	0.0	0.0	0.0	0.0	0.0	0.0	1.1	1.1	1.1	0.0	0.0	0.0	0.0	0.0	0.0	0.0	0.0	0.0	0.0	0.0	0.0	0.0	0.0	0.0	0.0	0.0	0.0	0.0	0.0	0.0	0.0	0.0	0.0	0.0	0.0	0.0	0.0	0.0	0.0	0.0	0.0	0.0	0.0	0.0	0.0	0.0	0.0	0.0
mean introns in exons per trna	0.0	0.0	0.0	0.0	0.0	0.0	0.0	0.0	0.0	0.0	0.0	0.0	0.0	0.0	0.0	0.1	0.1	0.1	0.0	0.0	0.0	0.0	0.0	0.0	0.0	0.0	0.0	0.0	0.0	0.0	0.0	0.0	0.0	0.0	0.0	0.0	0.0	0.0	0.0	0.0	0.0	0.0	0.0	0.0	0.0	0.0	0.0	0.0	0.0	0.0	0.0	0.0	0.0	0.0	0.0	0.0	0.0
Total trna length (bp)	0.0	0.0	0.0	0.0	0.0	0.0	0.0	0.0	0.0	0.0	0.0	0.0	0.0	0.0	0.0	82524.0	73757.0	202430.0	0.0	0.0	0.0	0.0	0.0	0.0	0.0	0.0	0.0	0.0	0.0	0.0	0.0	0.0	0.0	0.0	0.0	0.0	0.0	0.0	0.0	0.0	0.0	0.0	0.0	0.0	0.0	0.0	0.0	0.0	0.0	0.0	0.0	0.0	0.0	0.0	0.0	0.0	0.0
mean trna length (bp)	0.0	0.0	0.0	0.0	0.0	0.0	0.0	0.0	0.0	0.0	0.0	0.0	0.0	0.0	0.0	75.0	74.0	78.0	0.0	0.0	0.0	0.0	0.0	0.0	0.0	0.0	0.0	0.0	0.0	0.0	0.0	0.0	0.0	0.0	0.0	0.0	0.0	0.0	0.0	0.0	0.0	0.0	0.0	0.0	0.0	0.0	0.0	0.0	0.0	0.0	0.0	0.0	0.0	0.0	0.0	0.0	0.0
% of genome covered by trna	0.0	0.0	0.0	0.0	0.0	0.0	0.0	0.0	0.0	0.0	0.0	0.0	0.0	0.0	0.0	0.0	0.0	0.0	0.0	0.0	0.0	0.0	0.0	0.0	0.0	0.0	0.0	0.0	0.0	0.0	0.0	0.0	0.0	0.0	0.0	0.0	0.0	0.0	0.0	0.0	0.0	0.0	0.0	0.0	0.0	0.0	0.0	0.0	0.0	0.0	0.0	0.0	0.0	0.0	0.0	0.0	0.0
Longest trna (bp)	0.0	0.0	0.0	0.0	0.0	0.0	0.0	0.0	0.0	0.0	0.0	0.0	0.0	0.0	0.0	266.0	90.0	2631.0	0.0	0.0	0.0	0.0	0.0	0.0	0.0	0.0	0.0	0.0	0.0	0.0	0.0	0.0	0.0	0.0	0.0	0.0	0.0	0.0	0.0	0.0	0.0	0.0	0.0	0.0	0.0	0.0	0.0	0.0	0.0	0.0	0.0	0.0	0.0	0.0	0.0	0.0	0.0
Shortest trna (bp)	0.0	0.0	0.0	0.0	0.0	0.0	0.0	0.0	0.0	0.0	0.0	0.0	0.0	0.0	0.0	70.0	70.0	58.0	0.0	0.0	0.0	0.0	0.0	0.0	0.0	0.0	0.0	0.0	0.0	0.0	0.0	0.0	0.0	0.0	0.0	0.0	0.0	0.0	0.0	0.0	0.0	0.0	0.0	0.0	0.0	0.0	0.0	0.0	0.0	0.0	0.0	0.0	0.0	0.0	0.0	0.0	0.0
Number of inverted_repeat	0.0	0.0	0.0	0.0	0.0	0.0	0.0	0.0	0.0	0.0	0.0	0.0	0.0	0.0	0.0	0.0	2.0	2.0	0.0	0.0	0.0	0.0	0.0	0.0	0.0	0.0	0.0	0.0	0.0	0.0	0.0	0.0	0.0	0.0	0.0	0.0	0.0	0.0	0.0	0.0	0.0	0.0	0.0	0.0	0.0	0.0	0.0	0.0	0.0	0.0	0.0	0.0	0.0	0.0	0.0	0.0	0.0
Number inverted_repeat overlapping	0.0	0.0	0.0	0.0	0.0	0.0	0.0	0.0	0.0	0.0	0.0	0.0	0.0	0.0	0.0	0.0	0.0	0.0	0.0	0.0	0.0	0.0	0.0	0.0	0.0	0.0	0.0	0.0	0.0	0.0	0.0	0.0	0.0	0.0	0.0	0.0	0.0	0.0	0.0	0.0	0.0	0.0	0.0	0.0	0.0	0.0	0.0	0.0	0.0	0.0	0.0	0.0	0.0	0.0	0.0	0.0	0.0
Total inverted_repeat length (bp)	0.0	0.0	0.0	0.0	0.0	0.0	0.0	0.0	0.0	0.0	0.0	0.0	0.0	0.0	0.0	0.0	7210.0	654.0	0.0	0.0	0.0	0.0	0.0	0.0	0.0	0.0	0.0	0.0	0.0	0.0	0.0	0.0	0.0	0.0	0.0	0.0	0.0	0.0	0.0	0.0	0.0	0.0	0.0	0.0	0.0	0.0	0.0	0.0	0.0	0.0	0.0	0.0	0.0	0.0	0.0	0.0	0.0
mean inverted_repeat length (bp)	0.0	0.0	0.0	0.0	0.0	0.0	0.0	0.0	0.0	0.0	0.0	0.0	0.0	0.0	0.0	0.0	3605.0	327.0	0.0	0.0	0.0	0.0	0.0	0.0	0.0	0.0	0.0	0.0	0.0	0.0	0.0	0.0	0.0	0.0	0.0	0.0	0.0	0.0	0.0	0.0	0.0	0.0	0.0	0.0	0.0	0.0	0.0	0.0	0.0	0.0	0.0	0.0	0.0	0.0	0.0	0.0	0.0
% of genome covered by inverted_repeat	0.0	0.0	0.0	0.0	0.0	0.0	0.0	0.0	0.0	0.0	0.0	0.0	0.0	0.0	0.0	0.0	0.0	0.0	0.0	0.0	0.0	0.0	0.0	0.0	0.0	0.0	0.0	0.0	0.0	0.0	0.0	0.0	0.0	0.0	0.0	0.0	0.0	0.0	0.0	0.0	0.0	0.0	0.0	0.0	0.0	0.0	0.0	0.0	0.0	0.0	0.0	0.0	0.0	0.0	0.0	0.0	0.0
Longest inverted_repeat (bp)	0.0	0.0	0.0	0.0	0.0	0.0	0.0	0.0	0.0	0.0	0.0	0.0	0.0	0.0	0.0	0.0	3605.0	327.0	0.0	0.0	0.0	0.0	0.0	0.0	0.0	0.0	0.0	0.0	0.0	0.0	0.0	0.0	0.0	0.0	0.0	0.0	0.0	0.0	0.0	0.0	0.0	0.0	0.0	0.0	0.0	0.0	0.0	0.0	0.0	0.0	0.0	0.0	0.0	0.0	0.0	0.0	0.0
Shortest inverted_repeat (bp)	0.0	0.0	0.0	0.0	0.0	0.0	0.0	0.0	0.0	0.0	0.0	0.0	0.0	0.0	0.0	0.0	3605.0	327.0	0.0	0.0	0.0	0.0	0.0	0.0	0.0	0.0	0.0	0.0	0.0	0.0	0.0	0.0	0.0	0.0	0.0	0.0	0.0	0.0	0.0	0.0	0.0	0.0	0.0	0.0	0.0	0.0	0.0	0.0	0.0	0.0	0.0	0.0	0.0	0.0	0.0	0.0	0.0
Number of sequence_feature	0.0	0.0	0.0	0.0	0.0	0.0	0.0	0.0	0.0	0.0	0.0	0.0	0.0	0.0	0.0	0.0	76.0	426.0	0.0	0.0	0.0	0.0	0.0	0.0	0.0	0.0	0.0	0.0	0.0	0.0	0.0	0.0	0.0	0.0	0.0	0.0	0.0	0.0	0.0	0.0	0.0	0.0	0.0	0.0	0.0	0.0	0.0	0.0	0.0	0.0	0.0	0.0	0.0	0.0	0.0	0.0	0.0
Number sequence_feature overlapping	0.0	0.0	0.0	0.0	0.0	0.0	0.0	0.0	0.0	0.0	0.0	0.0	0.0	0.0	0.0	0.0	0.0	0.0	0.0	0.0	0.0	0.0	0.0	0.0	0.0	0.0	0.0	0.0	0.0	0.0	0.0	0.0	0.0	0.0	0.0	0.0	0.0	0.0	0.0	0.0	0.0	0.0	0.0	0.0	0.0	0.0	0.0	0.0	0.0	0.0	0.0	0.0	0.0	0.0	0.0	0.0	0.0
Total sequence_feature length (bp)	0.0	0.0	0.0	0.0	0.0	0.0	0.0	0.0	0.0	0.0	0.0	0.0	0.0	0.0	0.0	0.0	51067.0	965.0	0.0	0.0	0.0	0.0	0.0	0.0	0.0	0.0	0.0	0.0	0.0	0.0	0.0	0.0	0.0	0.0	0.0	0.0	0.0	0.0	0.0	0.0	0.0	0.0	0.0	0.0	0.0	0.0	0.0	0.0	0.0	0.0	0.0	0.0	0.0	0.0	0.0	0.0	0.0
mean sequence_feature length (bp)	0.0	0.0	0.0	0.0	0.0	0.0	0.0	0.0	0.0	0.0	0.0	0.0	0.0	0.0	0.0	0.0	671.0	2.0	0.0	0.0	0.0	0.0	0.0	0.0	0.0	0.0	0.0	0.0	0.0	0.0	0.0	0.0	0.0	0.0	0.0	0.0	0.0	0.0	0.0	0.0	0.0	0.0	0.0	0.0	0.0	0.0	0.0	0.0	0.0	0.0	0.0	0.0	0.0	0.0	0.0	0.0	0.0
% of genome covered by sequence_feature	0.0	0.0	0.0	0.0	0.0	0.0	0.0	0.0	0.0	0.0	0.0	0.0	0.0	0.0	0.0	0.0	0.0	0.0	0.0	0.0	0.0	0.0	0.0	0.0	0.0	0.0	0.0	0.0	0.0	0.0	0.0	0.0	0.0	0.0	0.0	0.0	0.0	0.0	0.0	0.0	0.0	0.0	0.0	0.0	0.0	0.0	0.0	0.0	0.0	0.0	0.0	0.0	0.0	0.0	0.0	0.0	0.0
Longest sequence_feature (bp)	0.0	0.0	0.0	0.0	0.0	0.0	0.0	0.0	0.0	0.0	0.0	0.0	0.0	0.0	0.0	0.0	7957.0	540.0	0.0	0.0	0.0	0.0	0.0	0.0	0.0	0.0	0.0	0.0	0.0	0.0	0.0	0.0	0.0	0.0	0.0	0.0	0.0	0.0	0.0	0.0	0.0	0.0	0.0	0.0	0.0	0.0	0.0	0.0	0.0	0.0	0.0	0.0	0.0	0.0	0.0	0.0	0.0
Shortest sequence_feature (bp)	0.0	0.0	0.0	0.0	0.0	0.0	0.0	0.0	0.0	0.0	0.0	0.0	0.0	0.0	0.0	0.0	58.0	1.0	0.0	0.0	0.0	0.0	0.0	0.0	0.0	0.0	0.0	0.0	0.0	0.0	0.0	0.0	0.0	0.0	0.0	0.0	0.0	0.0	0.0	0.0	0.0	0.0	0.0	0.0	0.0	0.0	0.0	0.0	0.0	0.0	0.0	0.0	0.0	0.0	0.0	0.0	0.0
Number of repeat_region	0.0	0.0	0.0	0.0	0.0	0.0	0.0	0.0	0.0	0.0	0.0	0.0	0.0	0.0	0.0	0.0	0.0	2.0	0.0	0.0	0.0	0.0	0.0	0.0	0.0	0.0	0.0	0.0	0.0	0.0	0.0	0.0	0.0	0.0	0.0	0.0	0.0	0.0	0.0	0.0	0.0	0.0	0.0	0.0	0.0	0.0	0.0	0.0	0.0	0.0	0.0	0.0	0.0	0.0	0.0	0.0	0.0
Number repeat_region overlapping	0.0	0.0	0.0	0.0	0.0	0.0	0.0	0.0	0.0	0.0	0.0	0.0	0.0	0.0	0.0	0.0	0.0	0.0	0.0	0.0	0.0	0.0	0.0	0.0	0.0	0.0	0.0	0.0	0.0	0.0	0.0	0.0	0.0	0.0	0.0	0.0	0.0	0.0	0.0	0.0	0.0	0.0	0.0	0.0	0.0	0.0	0.0	0.0	0.0	0.0	0.0	0.0	0.0	0.0	0.0	0.0	0.0
Total repeat_region length (bp)	0.0	0.0	0.0	0.0	0.0	0.0	0.0	0.0	0.0	0.0	0.0	0.0	0.0	0.0	0.0	0.0	0.0	5484.0	0.0	0.0	0.0	0.0	0.0	0.0	0.0	0.0	0.0	0.0	0.0	0.0	0.0	0.0	0.0	0.0	0.0	0.0	0.0	0.0	0.0	0.0	0.0	0.0	0.0	0.0	0.0	0.0	0.0	0.0	0.0	0.0	0.0	0.0	0.0	0.0	0.0	0.0	0.0
mean repeat_region length (bp)	0.0	0.0	0.0	0.0	0.0	0.0	0.0	0.0	0.0	0.0	0.0	0.0	0.0	0.0	0.0	0.0	0.0	2742.0	0.0	0.0	0.0	0.0	0.0	0.0	0.0	0.0	0.0	0.0	0.0	0.0	0.0	0.0	0.0	0.0	0.0	0.0	0.0	0.0	0.0	0.0	0.0	0.0	0.0	0.0	0.0	0.0	0.0	0.0	0.0	0.0	0.0	0.0	0.0	0.0	0.0	0.0	0.0
% of genome covered by repeat_region	0.0	0.0	0.0	0.0	0.0	0.0	0.0	0.0	0.0	0.0	0.0	0.0	0.0	0.0	0.0	0.0	0.0	0.0	0.0	0.0	0.0	0.0	0.0	0.0	0.0	0.0	0.0	0.0	0.0	0.0	0.0	0.0	0.0	0.0	0.0	0.0	0.0	0.0	0.0	0.0	0.0	0.0	0.0	0.0	0.0	0.0	0.0	0.0	0.0	0.0	0.0	0.0	0.0	0.0	0.0	0.0	0.0
Longest repeat_region (bp)	0.0	0.0	0.0	0.0	0.0	0.0	0.0	0.0	0.0	0.0	0.0	0.0	0.0	0.0	0.0	0.0	0.0	3057.0	0.0	0.0	0.0	0.0	0.0	0.0	0.0	0.0	0.0	0.0	0.0	0.0	0.0	0.0	0.0	0.0	0.0	0.0	0.0	0.0	0.0	0.0	0.0	0.0	0.0	0.0	0.0	0.0	0.0	0.0	0.0	0.0	0.0	0.0	0.0	0.0	0.0	0.0	0.0
Shortest repeat_region (bp)	0.0	0.0	0.0	0.0	0.0	0.0	0.0	0.0	0.0	0.0	0.0	0.0	0.0	0.0	0.0	0.0	0.0	2427.0	0.0	0.0	0.0	0.0	0.0	0.0	0.0	0.0	0.0	0.0	0.0	0.0	0.0	0.0	0.0	0.0	0.0	0.0	0.0	0.0	0.0	0.0	0.0	0.0	0.0	0.0	0.0	0.0	0.0	0.0	0.0	0.0	0.0	0.0	0.0	0.0	0.0	0.0	0.0
