	27622715	Bnigra_C2	Bnigra_NI100	BoleraceaHDEM	GCA_000751015	GCA_003260655	GCA_003260675	GCA_003434825	GCA_016771965	GCA_017639395	GCA_038677285	GCA_040550855	GCA_040584065	GCA_900412535	GCA_905183035	GCF_000309985	GCF_000695525	GCF_020379485	GWHAASO00000000	GWHAAZX00000000	GWHBJSH00000000	GWHBKKZ00000000	GWHBKLA00000000	GWHCAYN00000000	GWHDTWV00000000	GWHDTWX00000000	GWHDTYA00000000	GWHDTYD00000000	GWHDTYE00000000	GWHDTYG00000000	GWHDTYH00000000	GWHDTYJ00000000	GWHDTYK00000000	GWHDTYL00000000	GWHDTYM00000000	GWHDTZU00000000	GWHDTZV00000000	GWHDUBH00000000	GWHDUBI00000000	GWHDUBJ00000000	GWHDUBL00000000	GWHDUBM00000000	GWHDUBP00000000	GWHDUBR00000000	GWHDUBS00000000	GWHDUBT00000000	GWHEQVE00000000	GWHEQVJ00000000	GWHEQVL00000000	GWHEQVM00000000	GWHEQVN00000000	GWHEQVO00000000	GWHERGL00000000	GWHERGM00000000	GWHFIKA00000000	GWHFQTP00000000	OX	From file:
Number of sequences:	10	963	58	129	20899	2934	2464	5645	1636	295	19	519	268	210	237	1100	32886	3167	649	3211	10	10	191	515	20	23	15	21	15	18	13	166	213	30	138	236	29	11	24	15	24	26	62	13	72	147	10	10	11	10	10	11	12	12	18	1391	569	genome_contents_raw.tsv
Total sequence length:	552847295	536619360	506000232	554977060	848200303	332349879	288739113	314865497	1086987601	346506900	1004949250	1073013388	1070359184	443953949	923795763	352983092	488954160	1001886053	561157886	386267327	568515523	534464702	553270725	961721477	578707754	558945262	549019952	565573607	552221523	539874930	562159924	565466213	558040019	572041810	547890678	568263123	570744922	551974015	580974251	576023240	573421876	553363182	584163424	542384396	534419652	557259481	606364932	593560721	634424806	588360242	610908045	619573171	442090047	430528955	981817153	980455280	565471031	genome_contents_raw.tsv
Average sequence length:	55284729.5	557237.1339563862	8724141.931034483	4302147.7519379845	40585.68845399301	113275.35071574642	117183.08157467532	55777.76740478299	664417.8490220049	1174599.6610169492	52892065.78947368	2067463.1753371868	3993877.552238806	2114066.4238095237	3897872.417721519	320893.72	14868.15544608648	316351.76918219135	864650.0554699538	120295.02553721581	56851552.3	53446470.2	2896705.3664921466	1867420.3436893204	28935387.7	24301967.913043477	36601330.13333333	26932076.523809522	36814768.2	29993051.666666668	43243071.07692308	3406422.9698795183	2619906.192488263	19068060.333333332	3970222.304347826	2407894.588983051	19680859.379310343	50179455.90909091	24207260.458333332	38401549.333333336	23892578.166666668	21283199.307692308	9421990.709677419	41721876.615384616	7422495.166666667	3790880.8231292516	60636493.2	59356072.1	57674982.36363637	58836024.2	61090804.5	56324833.72727273	36840837.25	35877412.916666664	54545397.38888889	704856.4198418404	993797.9455184534	genome_contents_raw.tsv
Std. dev. sequence length:	18530930.917005267	5453160.944181099	21386359.175998777	15073937.761796989	192520.32818239118	2010985.9371117102	1916340.640030776	1226972.4297292586	6120749.687891542	6170757.018752672	15110677.374125866	10953128.624475017	14858350.175600795	8794059.21239133	13053974.482446326	2890243.107767629	830362.5366966918	3538494.1310407207	7076238.338818303	1734318.6040871213	17658173.751603615	16389952.5676607	12946595.392644238	9876865.05108862	31940587.106796462	30517057.216655053	30392579.292503394	30994182.737565953	30622118.18724842	30416112.791649017	29612688.436186288	13504068.206321616	11847533.569136366	29123191.931508083	14504815.632292887	11471668.90343738	29419977.151023053	24885540.310075235	30920022.384467907	31433573.793026358	30572313.55059575	29426138.893225018	22546237.513997354	28649683.719901986	19479825.758852266	14266451.592763225	21284146.397147413	20896916.812368378	25728167.075552303	20979594.90060115	21448191.357597455	27199848.330193143	19819287.922924545	19490911.431367148	14741507.093923694	6055556.580444059	7548352.607904344	genome_contents_raw.tsv
Minimum sequence length:	5291835	547	12560	2080	138	2000	2001	1000	4988	1604	26714908	319	6884	30348	60731	2324	200	1008	1730	924	11402142	10276068	11398	18248	63020	78690	18914	124329	13465	50469	40000	15341	12361	55456	10887	3675	53867	108313	24882	90647	105594	27501	15087	54855	17951	14123	978592	200667	519546	72864	97716	22959	153483	153483	32503768	9316	1054	genome_contents_raw.tsv
Maximum sequence length:	78655145	71072303	70847972	73711317	5197798	46022850	44274581	44888295	72379882	60281870	79204285	75391900	74943771	68194707	73669886	45156810	64984695	74222928	74510869	45122937	79842669	75319530	80127416	73231756	78384346	77635746	77492250	76500131	77035298	76029668	76376741	73659243	74029832	76876776	73465279	73980201	80411662	79110931	81748926	78617262	77479428	78331576	78219189	78011895	74621860	72895319	79032171	78880522	86880579	80057606	81976334	80790341	69317251	67734757	78361214	73462801	76131090	genome_contents_raw.tsv
Median sequence length:	58359348.5	39438.0	92177.5	81383.0	3272.0	2677.0	2584.0	1876.0	17007.5	22844.0	56258522.0	49291.0	107764.5	111065.5	121592.0	40235.5	393.0	37849.0	19895.0	16175.0	57842930.0	55586755.5	46247.0	42308.0	1176034.5	273817.0	51759660.0	1082794.0	52459267.0	23727535.5	57683825.0	63395.0	55831.0	192672.5	66776.5	58023.5	279598.0	57628984.0	783344.5	56592305.0	803149.5	222352.5	114513.5	53333409.0	114545.0	65658.0	65207764.0	65046222.0	60944144.0	62815079.0	66806586.5	66554978.0	38032731.0	37608502.5	58174937.5	34176.0	16183.0	genome_contents_raw.tsv
N50 sequence index:	5	5	4	5	324	5	4	5	9	5	8	8	8	5	8	6	5	9	5	6	4	5	4	8	5	5	5	5	4	4	5	5	5	5	5	5	4	4	4	5	5	4	5	4	5	5	5	5	5	5	5	5	4	4	8	8	5	genome_contents_raw.tsv
N50 sequence length:	59208503	57774146	60819636	58257932	680862	36085697	31308560	28488603	58891064	32457817	59365250	64149603	62375533	39217719	50218839	28928902	48366697	48209797	57884551	28953783	65683070	56094947	64638171	58490459	62195753	62057483	60302895	61947873	65135299	63746061	62787088	56636074	55506693	61412808	57349439	56691393	66866305	62825707	68709032	60668869	59500280	65433663	60472951	64059823	56484001	57000890	65326007	65839909	72197880	64701984	69094299	69078074	46671336	47034915	60255896	59279667	59441974	genome_contents_raw.tsv
N95 sequence index:	9	209	8	9	6337	9	9	117	38	17	18	17	17	26	22	496	264	1284	9	1292	9	9	9	18	9	9	9	9	9	9	9	11	11	9	9	11	9	9	9	9	9	9	9	9	9	9	9	9	9	9	9	9	10	10	17	73	9	genome_contents_raw.tsv
N95 sequence length:	49705675	79810	55075547	46538988	4918	27103516	24239938	31341	387596	428195	29331849	48668886	47263926	488020	3218146	43136	28443	44460	47844321	20348	48937047	47282770	48243757	28299038	53276452	49710501	48506227	51273101	50652487	47033360	47723292	2592786	2545445	51933395	46904723	2992838	51634866	47285378	50417254	51503661	52469740	49338164	53189597	48889433	49547750	48237103	52528554	53426602	53632606	53560184	58360037	53466802	28346059	26834951	33838550	98957	47389284	genome_contents_raw.tsv
Number of sequences:	10	943	58	115	4389	21	19	309	1181	180	19	451	265	210	237	1086	602	2975	504	2198	10	10	191	515	20	23	15	21	15	18	13	166	213	30	138	233	29	11	24	15	24	26	62	13	72	147	10	10	11	10	10	11	12	12	18	1390	401	genome_contents_filtered.tsv
Total sequence length:	552847295	536495148	506000232	554895121	792606711	323451286	281344721	302427827	1083580326	346046231	1004949250	1072718863	1070334916	443953949	923795763	352890373	470365011	1000860529	560411453	380438573	568515523	534464702	553270725	961721477	578707754	558945262	549019952	565573607	552221523	539874930	562159924	565466213	558040019	572041810	547890678	568244315	570744922	551974015	580974251	576023240	573421876	553363182	584163424	542384396	534419652	557259481	606364932	593560721	634424806	588360242	610908045	619573171	442090047	430528955	981817153	980445964	564455087	genome_contents_filtered.tsv
Average sequence length:	55284729.5	568923.8048780488	8724141.931034483	4825174.965217391	180589.36226930964	15402442.19047619	14807616.894736841	978730.8317152103	917510.8602878916	1922479.0611111112	52892065.78947368	2378534.0643015523	4038999.683018868	2114066.4238095237	3897872.417721519	324945.0948434622	781337.2275747508	336423.7072268908	1111927.486111111	173083.97315741584	56851552.3	53446470.2	2896705.3664921466	1867420.3436893204	28935387.7	24301967.913043477	36601330.13333333	26932076.523809522	36814768.2	29993051.666666668	43243071.07692308	3406422.9698795183	2619906.192488263	19068060.333333332	3970222.304347826	2438816.802575107	19680859.379310343	50179455.90909091	24207260.458333332	38401549.333333336	23892578.166666668	21283199.307692308	9421990.709677419	41721876.615384616	7422495.166666667	3790880.8231292516	60636493.2	59356072.1	57674982.36363637	58836024.2	61090804.5	56324833.72727273	36840837.25	35877412.916666664	54545397.38888889	705356.8086330935	1407618.6708229426	genome_contents_filtered.tsv
Std. dev. sequence length:	18530930.917005267	5510088.602953174	21386359.175998777	15885999.044083225	389444.0619175538	18154051.580736894	16086056.885058923	5157661.448579148	7187956.96436639	7808406.880027665	15110677.374125866	11718414.485015294	14936129.89159037	8794059.21239133	13053974.482446326	2908591.3103850307	6088315.378898983	3649982.045679978	8012829.169083255	2094103.4128814598	17658173.751603615	16389952.5676607	12946595.392644238	9876865.05108862	31940587.106796462	30517057.216655053	30392579.292503394	30994182.737565953	30622118.18724842	30416112.791649017	29612688.436186288	13504068.206321616	11847533.569136366	29123191.931508083	14504815.632292887	11542026.587217666	29419977.151023053	24885540.310075235	30920022.384467907	31433573.793026358	30572313.55059575	29426138.893225018	22546237.513997354	28649683.719901986	19479825.758852266	14266451.592763225	21284146.397147413	20896916.812368378	25728167.075552303	20979594.90060115	21448191.357597455	27199848.330193143	19819287.922924545	19490911.431367148	14741507.093923694	6057705.698876325	8959271.80121419	genome_contents_filtered.tsv
Minimum sequence length:	5291835	10159	12560	11322	10009	10304	10412	10010	10000	10536	26714908	10218	10167	30348	60731	10311	10018	10070	10018	10000	11402142	10276068	11398	18248	63020	78690	18914	124329	13465	50469	40000	15341	12361	55456	10887	11506	53867	108313	24882	90647	105594	27501	15087	54855	17951	14123	978592	200667	519546	72864	97716	22959	153483	153483	32503768	10082	10118	genome_contents_filtered.tsv
Maximum sequence length:	78655145	71072303	70847972	73711317	5197798	46022850	44274581	44888295	72379882	60281870	79204285	75391900	74943771	68194707	73669886	45156810	64984695	74222928	74510869	45122937	79842669	75319530	80127416	73231756	78384346	77635746	77492250	76500131	77035298	76029668	76376741	73659243	74029832	76876776	73465279	73980201	80411662	79110931	81748926	78617262	77479428	78331576	78219189	78011895	74621860	72895319	79032171	78880522	86880579	80057606	81976334	80790341	69317251	67734757	78361214	73462801	76131090	genome_contents_filtered.tsv
Median sequence length:	58359348.5	40744.0	92177.5	91072.0	41316.0	16087.0	14574.0	23503.0	24002.0	75739.5	56258522.0	57782.0	108543.0	111065.5	121592.0	40543.0	25140.0	39531.0	26576.0	23567.5	57842930.0	55586755.5	46247.0	42308.0	1176034.5	273817.0	51759660.0	1082794.0	52459267.0	23727535.5	57683825.0	63395.0	55831.0	192672.5	66776.5	58565.0	279598.0	57628984.0	783344.5	56592305.0	803149.5	222352.5	114513.5	53333409.0	114545.0	65658.0	65207764.0	65046222.0	60944144.0	62815079.0	66806586.5	66554978.0	38032731.0	37608502.5	58174937.5	34182.5	21522.0	genome_contents_filtered.tsv
N50 sequence index:	5	5	4	5	285	4	4	5	9	5	8	8	8	5	8	6	5	9	5	6	4	5	4	8	5	5	5	5	4	4	5	5	5	5	5	5	4	4	4	5	5	4	5	4	5	5	5	5	5	5	5	5	4	4	8	8	5	genome_contents_filtered.tsv
N50 sequence length:	59208503	57774146	60819636	58257932	760399	36203547	31308560	28488603	58891064	32457817	59365250	64149603	62375533	39217719	50218839	28928902	48366697	48209797	57884551	28953783	65683070	56094947	64638171	58490459	62195753	62057483	60302895	61947873	65135299	63746061	62787088	56636074	55506693	61412808	57349439	56691393	66866305	62825707	68709032	60668869	59500280	65433663	60472951	64059823	56484001	57000890	65326007	65839909	72197880	64701984	69094299	69078074	46671336	47034915	60255896	59279667	59441974	genome_contents_filtered.tsv
N95 sequence index:	9	208	8	9	2414	9	9	15	30	15	18	17	17	26	22	494	9	1262	9	1044	9	9	9	18	9	9	9	9	9	9	9	11	11	9	9	11	9	9	9	9	9	9	9	9	9	9	9	9	9	9	9	9	10	10	17	73	9	genome_contents_filtered.tsv
N95 sequence length:	49705675	80104	55075547	46538988	36182	27103516	24239938	695051	482879	468927	29331849	48668886	47263926	488020	3218146	43302	39822476	44950	47844321	24615	48937047	47282770	48243757	28299038	53276452	49710501	48506227	51273101	50652487	47033360	47723292	2592786	2545445	51933395	46904723	2992838	51634866	47285378	50417254	51503661	52469740	49338164	53189597	48889433	49547750	48237103	52528554	53426602	53632606	53560184	58360037	53466802	28346059	26834951	33838550	98957	47389284	genome_contents_filtered.tsv
gene	60640.0	67021.0	59852.0	0.0	61153.0	63131.0	62722.0	40454.0	97148.0	43129.0	124769.0	103752.0	102229.0	52701.0	108170.0	49720.0	49563.0	113918.0	59064.0	45998.0	57983.0	53879.0	59398.0	86342.0	53334.0	52455.0	52966.0	51826.0	52324.0	52557.0	53403.0	51048.0	50938.0	52658.0	50754.0	51551.0	52876.0	53409.0	52606.0	52057.0	52705.0	53089.0	54905.0	52715.0	51515.0	50343.0	52928.0	53192.0	51831.0	52913.0	52206.0	52059.0	49308.0	49243.0	84662.0	95221.0	62232.0	annotation_contents_raw.tsv
mRNA	70412.0	67021.0	59852.0	61279.0	61153.0	63131.0	62722.0	43332.0	97148.0	43129.0	124769.0	103768.0	102249.0	52701.0	108170.0	60607.0	56685.0	120347.0	59064.0	45998.0	97195.0	53879.0	59398.0	86342.0	53334.0	52455.0	52966.0	51826.0	52324.0	52557.0	53403.0	51048.0	50938.0	52658.0	50754.0	51551.0	52876.0	53409.0	52606.0	52057.0	52705.0	53089.0	54905.0	52715.0	51515.0	50343.0	52928.0	53192.0	51831.0	52913.0	52206.0	52059.0	49308.0	49243.0	84662.0	95221.0	68277.0	annotation_contents_raw.tsv
exon	348083.0	291943.0	259702.0	0.0	61153.0	251235.0	240988.0	227891.0	447232.0	246855.0	566605.0	474315.0	474219.0	52701.0	108170.0	436796.0	398922.0	868003.0	0.0	0.0	624778.0	251089.0	287794.0	442307.0	260188.0	258296.0	257090.0	253333.0	255847.0	255220.0	260654.0	243720.0	243822.0	259490.0	242478.0	245512.0	257750.0	258585.0	256657.0	254261.0	258499.0	259281.0	267874.0	257751.0	252095.0	239606.0	233315.0	237399.0	236608.0	235576.0	237146.0	231684.0	237121.0	238476.0	422190.0	486325.0	320928.0	annotation_contents_raw.tsv
CDS	333333.0	291943.0	259702.0	263525.0	293138.0	250612.0	240171.0	218393.0	447232.0	246855.0	547219.0	474315.0	474219.0	239707.0	491888.0	341405.0	305897.0	649284.0	293551.0	242819.0	547552.0	251089.0	282490.0	428440.0	260188.0	258296.0	257090.0	253333.0	255847.0	255220.0	260654.0	243720.0	243822.0	259490.0	242478.0	245512.0	257750.0	258585.0	256657.0	254261.0	258499.0	259281.0	267874.0	257751.0	252095.0	239606.0	233315.0	237399.0	236608.0	235576.0	237146.0	231684.0	237121.0	238476.0	413512.0	478757.0	309886.0	annotation_contents_raw.tsv
five_prime_UTR	47018.0	0.0	0.0	0.0	26863.0	0.0	0.0	0.0	0.0	23476.0	0.0	0.0	0.0	7599.0	52678.0	0.0	0.0	0.0	0.0	0.0	108127.0	0.0	0.0	59926.0	0.0	0.0	0.0	0.0	0.0	0.0	0.0	0.0	0.0	0.0	0.0	0.0	0.0	0.0	0.0	0.0	0.0	0.0	0.0	0.0	0.0	0.0	0.0	0.0	0.0	0.0	0.0	0.0	0.0	0.0	34511.0	32579.0	38262.0	annotation_contents_raw.tsv
three_prime_UTR	41655.0	0.0	0.0	0.0	26618.0	0.0	0.0	0.0	0.0	24195.0	0.0	0.0	0.0	7922.0	52853.0	0.0	0.0	0.0	0.0	0.0	97427.0	0.0	0.0	54927.0	0.0	0.0	0.0	0.0	0.0	0.0	0.0	0.0	0.0	0.0	0.0	0.0	0.0	0.0	0.0	0.0	0.0	0.0	0.0	0.0	0.0	0.0	0.0	0.0	0.0	0.0	0.0	0.0	0.0	0.0	34936.0	33057.0	33465.0	annotation_contents_raw.tsv
region	0.0	0.0	0.0	0.0	20899.0	2934.0	2464.0	5645.0	1636.0	295.0	19.0	519.0	268.0	210.0	237.0	1100.0	32886.0	3167.0	0.0	0.0	0.0	0.0	0.0	0.0	0.0	0.0	0.0	0.0	0.0	0.0	0.0	0.0	0.0	0.0	0.0	0.0	0.0	0.0	0.0	0.0	0.0	0.0	0.0	0.0	0.0	0.0	0.0	0.0	0.0	0.0	0.0	0.0	0.0	0.0	0.0	0.0	0.0	annotation_contents_raw.tsv
pseudogene	0.0	0.0	0.0	0.0	0.0	0.0	0.0	0.0	0.0	0.0	0.0	16.0	20.0	0.0	0.0	1869.0	4495.0	9304.0	0.0	0.0	0.0	0.0	0.0	0.0	0.0	0.0	0.0	0.0	0.0	0.0	0.0	0.0	0.0	0.0	0.0	0.0	0.0	0.0	0.0	0.0	0.0	0.0	0.0	0.0	0.0	0.0	0.0	0.0	0.0	0.0	0.0	0.0	0.0	0.0	0.0	0.0	0.0	annotation_contents_raw.tsv
lnc_RNA	0.0	0.0	0.0	0.0	0.0	0.0	0.0	0.0	0.0	0.0	0.0	0.0	0.0	0.0	0.0	7065.0	7942.0	15729.0	0.0	0.0	0.0	0.0	0.0	0.0	0.0	0.0	0.0	0.0	0.0	0.0	0.0	0.0	0.0	0.0	0.0	0.0	0.0	0.0	0.0	0.0	0.0	0.0	0.0	0.0	0.0	0.0	0.0	0.0	0.0	0.0	0.0	0.0	0.0	0.0	0.0	0.0	0.0	annotation_contents_raw.tsv
snoRNA	0.0	0.0	0.0	0.0	0.0	0.0	0.0	0.0	0.0	0.0	0.0	0.0	0.0	0.0	0.0	1156.0	0.0	3581.0	0.0	0.0	0.0	0.0	0.0	0.0	0.0	0.0	0.0	0.0	0.0	0.0	0.0	0.0	0.0	0.0	0.0	0.0	0.0	0.0	0.0	0.0	0.0	0.0	0.0	0.0	0.0	0.0	0.0	0.0	0.0	0.0	0.0	0.0	0.0	0.0	0.0	0.0	0.0	annotation_contents_raw.tsv
tRNA	0.0	0.0	0.0	0.0	0.0	0.0	0.0	0.0	0.0	0.0	0.0	0.0	0.0	0.0	0.0	1100.0	995.0	2600.0	0.0	0.0	0.0	0.0	0.0	0.0	0.0	0.0	0.0	0.0	0.0	0.0	0.0	0.0	0.0	0.0	0.0	0.0	0.0	0.0	0.0	0.0	0.0	0.0	0.0	0.0	0.0	0.0	0.0	0.0	0.0	0.0	0.0	0.0	0.0	0.0	0.0	0.0	0.0	annotation_contents_raw.tsv
transcript	0.0	0.0	0.0	0.0	0.0	0.0	0.0	0.0	0.0	0.0	0.0	0.0	0.0	0.0	0.0	2995.0	2089.0	5486.0	0.0	0.0	0.0	0.0	0.0	0.0	0.0	0.0	0.0	0.0	0.0	0.0	0.0	0.0	0.0	0.0	0.0	0.0	0.0	0.0	0.0	0.0	0.0	0.0	0.0	0.0	0.0	0.0	0.0	0.0	0.0	0.0	0.0	0.0	0.0	0.0	0.0	0.0	0.0	annotation_contents_raw.tsv
snRNA	0.0	0.0	0.0	0.0	0.0	0.0	0.0	0.0	0.0	0.0	0.0	0.0	0.0	0.0	0.0	149.0	0.0	344.0	0.0	0.0	0.0	0.0	0.0	0.0	0.0	0.0	0.0	0.0	0.0	0.0	0.0	0.0	0.0	0.0	0.0	0.0	0.0	0.0	0.0	0.0	0.0	0.0	0.0	0.0	0.0	0.0	0.0	0.0	0.0	0.0	0.0	0.0	0.0	0.0	0.0	0.0	0.0	annotation_contents_raw.tsv
rRNA	0.0	0.0	0.0	0.0	0.0	0.0	0.0	0.0	0.0	0.0	0.0	0.0	0.0	0.0	0.0	1382.0	3.0	7275.0	0.0	0.0	0.0	0.0	0.0	0.0	0.0	0.0	0.0	0.0	0.0	0.0	0.0	0.0	0.0	0.0	0.0	0.0	0.0	0.0	0.0	0.0	0.0	0.0	0.0	0.0	0.0	0.0	0.0	0.0	0.0	0.0	0.0	0.0	0.0	0.0	0.0	0.0	0.0	annotation_contents_raw.tsv
primary_transcript	0.0	0.0	0.0	0.0	0.0	0.0	0.0	0.0	0.0	0.0	0.0	0.0	0.0	0.0	0.0	88.0	0.0	0.0	0.0	0.0	0.0	0.0	0.0	0.0	0.0	0.0	0.0	0.0	0.0	0.0	0.0	0.0	0.0	0.0	0.0	0.0	0.0	0.0	0.0	0.0	0.0	0.0	0.0	0.0	0.0	0.0	0.0	0.0	0.0	0.0	0.0	0.0	0.0	0.0	0.0	0.0	0.0	annotation_contents_raw.tsv
miRNA	0.0	0.0	0.0	0.0	0.0	0.0	0.0	0.0	0.0	0.0	0.0	0.0	0.0	0.0	0.0	146.0	0.0	0.0	0.0	0.0	0.0	0.0	0.0	0.0	0.0	0.0	0.0	0.0	0.0	0.0	0.0	0.0	0.0	0.0	0.0	0.0	0.0	0.0	0.0	0.0	0.0	0.0	0.0	0.0	0.0	0.0	0.0	0.0	0.0	0.0	0.0	0.0	0.0	0.0	0.0	0.0	0.0	annotation_contents_raw.tsv
cDNA_match	0.0	0.0	0.0	0.0	0.0	0.0	0.0	0.0	0.0	0.0	0.0	0.0	0.0	0.0	0.0	3594.0	5906.0	5947.0	0.0	0.0	0.0	0.0	0.0	0.0	0.0	0.0	0.0	0.0	0.0	0.0	0.0	0.0	0.0	0.0	0.0	0.0	0.0	0.0	0.0	0.0	0.0	0.0	0.0	0.0	0.0	0.0	0.0	0.0	0.0	0.0	0.0	0.0	0.0	0.0	0.0	0.0	0.0	annotation_contents_raw.tsv
inverted_repeat	0.0	0.0	0.0	0.0	0.0	0.0	0.0	0.0	0.0	0.0	0.0	0.0	0.0	0.0	0.0	0.0	2.0	2.0	0.0	0.0	0.0	0.0	0.0	0.0	0.0	0.0	0.0	0.0	0.0	0.0	0.0	0.0	0.0	0.0	0.0	0.0	0.0	0.0	0.0	0.0	0.0	0.0	0.0	0.0	0.0	0.0	0.0	0.0	0.0	0.0	0.0	0.0	0.0	0.0	0.0	0.0	0.0	annotation_contents_raw.tsv
direct_repeat	0.0	0.0	0.0	0.0	0.0	0.0	0.0	0.0	0.0	0.0	0.0	0.0	0.0	0.0	0.0	0.0	4.0	0.0	0.0	0.0	0.0	0.0	0.0	0.0	0.0	0.0	0.0	0.0	0.0	0.0	0.0	0.0	0.0	0.0	0.0	0.0	0.0	0.0	0.0	0.0	0.0	0.0	0.0	0.0	0.0	0.0	0.0	0.0	0.0	0.0	0.0	0.0	0.0	0.0	0.0	0.0	0.0	annotation_contents_raw.tsv
sequence_feature	0.0	0.0	0.0	0.0	0.0	0.0	0.0	0.0	0.0	0.0	0.0	0.0	0.0	0.0	0.0	0.0	76.0	426.0	0.0	0.0	0.0	0.0	0.0	0.0	0.0	0.0	0.0	0.0	0.0	0.0	0.0	0.0	0.0	0.0	0.0	0.0	0.0	0.0	0.0	0.0	0.0	0.0	0.0	0.0	0.0	0.0	0.0	0.0	0.0	0.0	0.0	0.0	0.0	0.0	0.0	0.0	0.0	annotation_contents_raw.tsv
repeat_region	0.0	0.0	0.0	0.0	0.0	0.0	0.0	0.0	0.0	0.0	0.0	0.0	0.0	0.0	0.0	0.0	0.0	2.0	0.0	0.0	0.0	0.0	0.0	0.0	0.0	0.0	0.0	0.0	0.0	0.0	0.0	0.0	0.0	0.0	0.0	0.0	0.0	0.0	0.0	0.0	0.0	0.0	0.0	0.0	0.0	0.0	0.0	0.0	0.0	0.0	0.0	0.0	0.0	0.0	0.0	0.0	0.0	annotation_contents_raw.tsv
gene	60250.0	65439.0	58814.0	59254.0	102856.0	63131.0	62722.0	39696.0	96708.0	65876.0	124769.0	103715.0	102226.0	93768.0	202405.0	49761.0	48584.0	113773.0	59060.0	45960.0	57983.0	53879.0	59398.0	86338.0	53330.0	52455.0	52963.0	51824.0	52323.0	52557.0	53402.0	51047.0	50938.0	52658.0	50754.0	51551.0	52874.0	53408.0	52606.0	52055.0	52704.0	53089.0	54905.0	52713.0	51515.0	50342.0	52872.0	53133.0	51763.0	52848.0	52139.0	52059.0	49083.0	49108.0	84648.0	95205.0	61869.0	annotation_contents_filtered.tsv
mRNA	60250.0	65439.0	58814.0	59254.0	99955.0	63131.0	62722.0	39696.0	96708.0	43070.0	124769.0	103731.0	102246.0	91290.0	188817.0	41359.0	43679.0	90785.0	59060.0	45960.0	57983.0	53879.0	59398.0	86338.0	53330.0	52455.0	52963.0	51824.0	52323.0	52557.0	53402.0	51047.0	50938.0	52658.0	50754.0	51551.0	52874.0	53408.0	52606.0	52055.0	52704.0	53089.0	54905.0	52713.0	51515.0	50342.0	52872.0	53133.0	51763.0	52848.0	52139.0	52059.0	49083.0	49108.0	84648.0	95205.0	61869.0	annotation_contents_filtered.tsv
exon	271677.0	289983.0	258252.0	260584.0	326261.0	251235.0	240988.0	204126.0	445096.0	294336.0	566605.0	474211.0	474211.0	284220.0	608360.0	253941.0	267841.0	560750.0	293273.0	242640.0	295849.0	251089.0	287794.0	442292.0	260180.0	258296.0	257084.0	253328.0	255845.0	255220.0	260652.0	243718.0	243822.0	259490.0	242478.0	245512.0	257746.0	258583.0	256657.0	254257.0	258497.0	259281.0	267874.0	257747.0	252095.0	239604.0	233251.0	237328.0	236529.0	235496.0	237065.0	231684.0	236859.0	238268.0	422146.0	486289.0	274992.0	annotation_contents_filtered.tsv
CDS	264028.0	289983.0	258252.0	260584.0	271437.0	250612.0	240171.0	196733.0	445096.0	246668.0	547219.0	474211.0	474211.0	237681.0	488332.0	208245.0	215322.0	439847.0	293273.0	242640.0	270667.0	251089.0	282490.0	428431.0	260180.0	258296.0	257084.0	253328.0	255845.0	255220.0	260652.0	243718.0	243822.0	259490.0	242478.0	245512.0	257746.0	258583.0	256657.0	254257.0	258497.0	259281.0	267874.0	257747.0	252095.0	239604.0	233251.0	237328.0	236529.0	235496.0	237065.0	231684.0	236859.0	238268.0	413484.0	478728.0	267988.0	annotation_contents_filtered.tsv
five_prime_UTR	31968.0	0.0	0.0	0.0	26831.0	637.0	741.0	31758.0	0.0	23473.0	61891.0	0.0	0.0	8879.0	61024.0	45963.0	41821.0	92575.0	0.0	1409.0	44596.0	0.0	23571.0	60196.0	0.0	0.0	0.0	0.0	0.0	0.0	0.0	0.0	0.0	0.0	0.0	0.0	0.0	0.0	0.0	0.0	0.0	0.0	0.0	0.0	0.0	0.0	0.0	0.0	0.0	0.0	0.0	0.0	0.0	0.0	34821.0	32687.0	29010.0	annotation_contents_filtered.tsv
three_prime_UTR	29559.0	0.0	0.0	0.0	27078.0	469.0	659.0	28021.0	0.0	24195.0	57980.0	0.0	0.0	8964.0	63514.0	41698.0	36402.0	83160.0	0.0	1409.0	43775.0	0.0	21896.0	55133.0	0.0	0.0	0.0	0.0	0.0	0.0	0.0	0.0	0.0	0.0	0.0	0.0	0.0	0.0	0.0	0.0	0.0	0.0	0.0	0.0	0.0	0.0	0.0	0.0	0.0	0.0	0.0	0.0	0.0	0.0	35026.0	33108.0	26093.0	annotation_contents_filtered.tsv
region	0.0	0.0	0.0	0.0	3486.0	20.0	17.0	103.0	787.0	161.0	19.0	390.0	243.0	10.0	105.0	542.0	460.0	1846.0	0.0	0.0	0.0	0.0	0.0	0.0	0.0	0.0	0.0	0.0	0.0	0.0	0.0	0.0	0.0	0.0	0.0	0.0	0.0	0.0	0.0	0.0	0.0	0.0	0.0	0.0	0.0	0.0	0.0	0.0	0.0	0.0	0.0	0.0	0.0	0.0	0.0	0.0	0.0	annotation_contents_filtered.tsv
RNA	0.0	0.0	0.0	0.0	2901.0	0.0	0.0	0.0	0.0	22806.0	0.0	0.0	0.0	2478.0	13588.0	1844.0	4409.0	9140.0	0.0	0.0	0.0	0.0	0.0	0.0	0.0	0.0	0.0	0.0	0.0	0.0	0.0	0.0	0.0	0.0	0.0	0.0	0.0	0.0	0.0	0.0	0.0	0.0	0.0	0.0	0.0	0.0	0.0	0.0	0.0	0.0	0.0	0.0	0.0	0.0	0.0	0.0	0.0	annotation_contents_filtered.tsv
pseudogene	0.0	0.0	0.0	0.0	0.0	0.0	0.0	0.0	0.0	0.0	0.0	16.0	20.0	0.0	0.0	1869.0	4434.0	9253.0	0.0	0.0	0.0	0.0	0.0	0.0	0.0	0.0	0.0	0.0	0.0	0.0	0.0	0.0	0.0	0.0	0.0	0.0	0.0	0.0	0.0	0.0	0.0	0.0	0.0	0.0	0.0	0.0	0.0	0.0	0.0	0.0	0.0	0.0	0.0	0.0	0.0	0.0	0.0	annotation_contents_filtered.tsv
transcript	0.0	0.0	0.0	0.0	0.0	0.0	0.0	0.0	0.0	0.0	0.0	0.0	0.0	0.0	0.0	1473.0	922.0	2354.0	0.0	0.0	0.0	0.0	0.0	0.0	0.0	0.0	0.0	0.0	0.0	0.0	0.0	0.0	0.0	0.0	0.0	0.0	0.0	0.0	0.0	0.0	0.0	0.0	0.0	0.0	0.0	0.0	0.0	0.0	0.0	0.0	0.0	0.0	0.0	0.0	0.0	0.0	0.0	annotation_contents_filtered.tsv
lnc_RNA	0.0	0.0	0.0	0.0	0.0	0.0	0.0	0.0	0.0	0.0	0.0	0.0	0.0	0.0	0.0	4365.0	3917.0	9069.0	0.0	0.0	0.0	0.0	0.0	0.0	0.0	0.0	0.0	0.0	0.0	0.0	0.0	0.0	0.0	0.0	0.0	0.0	0.0	0.0	0.0	0.0	0.0	0.0	0.0	0.0	0.0	0.0	0.0	0.0	0.0	0.0	0.0	0.0	0.0	0.0	0.0	0.0	0.0	annotation_contents_filtered.tsv
tRNA	0.0	0.0	0.0	0.0	0.0	0.0	0.0	0.0	0.0	0.0	0.0	0.0	0.0	0.0	0.0	1100.0	985.0	2594.0	0.0	0.0	0.0	0.0	0.0	0.0	0.0	0.0	0.0	0.0	0.0	0.0	0.0	0.0	0.0	0.0	0.0	0.0	0.0	0.0	0.0	0.0	0.0	0.0	0.0	0.0	0.0	0.0	0.0	0.0	0.0	0.0	0.0	0.0	0.0	0.0	0.0	0.0	0.0	annotation_contents_filtered.tsv
snoRNA	0.0	0.0	0.0	0.0	0.0	0.0	0.0	0.0	0.0	0.0	0.0	0.0	0.0	0.0	0.0	1155.0	0.0	3579.0	0.0	0.0	0.0	0.0	0.0	0.0	0.0	0.0	0.0	0.0	0.0	0.0	0.0	0.0	0.0	0.0	0.0	0.0	0.0	0.0	0.0	0.0	0.0	0.0	0.0	0.0	0.0	0.0	0.0	0.0	0.0	0.0	0.0	0.0	0.0	0.0	0.0	0.0	0.0	annotation_contents_filtered.tsv
snRNA	0.0	0.0	0.0	0.0	0.0	0.0	0.0	0.0	0.0	0.0	0.0	0.0	0.0	0.0	0.0	149.0	0.0	344.0	0.0	0.0	0.0	0.0	0.0	0.0	0.0	0.0	0.0	0.0	0.0	0.0	0.0	0.0	0.0	0.0	0.0	0.0	0.0	0.0	0.0	0.0	0.0	0.0	0.0	0.0	0.0	0.0	0.0	0.0	0.0	0.0	0.0	0.0	0.0	0.0	0.0	0.0	0.0	annotation_contents_filtered.tsv
rRNA	0.0	0.0	0.0	0.0	0.0	0.0	0.0	0.0	0.0	0.0	0.0	0.0	0.0	0.0	0.0	1382.0	3.0	7260.0	0.0	0.0	0.0	0.0	0.0	0.0	0.0	0.0	0.0	0.0	0.0	0.0	0.0	0.0	0.0	0.0	0.0	0.0	0.0	0.0	0.0	0.0	0.0	0.0	0.0	0.0	0.0	0.0	0.0	0.0	0.0	0.0	0.0	0.0	0.0	0.0	0.0	0.0	0.0	annotation_contents_filtered.tsv
primary_transcript	0.0	0.0	0.0	0.0	0.0	0.0	0.0	0.0	0.0	0.0	0.0	0.0	0.0	0.0	0.0	88.0	0.0	0.0	0.0	0.0	0.0	0.0	0.0	0.0	0.0	0.0	0.0	0.0	0.0	0.0	0.0	0.0	0.0	0.0	0.0	0.0	0.0	0.0	0.0	0.0	0.0	0.0	0.0	0.0	0.0	0.0	0.0	0.0	0.0	0.0	0.0	0.0	0.0	0.0	0.0	0.0	0.0	annotation_contents_filtered.tsv
miRNA	0.0	0.0	0.0	0.0	0.0	0.0	0.0	0.0	0.0	0.0	0.0	0.0	0.0	0.0	0.0	88.0	0.0	0.0	0.0	0.0	0.0	0.0	0.0	0.0	0.0	0.0	0.0	0.0	0.0	0.0	0.0	0.0	0.0	0.0	0.0	0.0	0.0	0.0	0.0	0.0	0.0	0.0	0.0	0.0	0.0	0.0	0.0	0.0	0.0	0.0	0.0	0.0	0.0	0.0	0.0	0.0	0.0	annotation_contents_filtered.tsv
inverted_repeat	0.0	0.0	0.0	0.0	0.0	0.0	0.0	0.0	0.0	0.0	0.0	0.0	0.0	0.0	0.0	0.0	2.0	2.0	0.0	0.0	0.0	0.0	0.0	0.0	0.0	0.0	0.0	0.0	0.0	0.0	0.0	0.0	0.0	0.0	0.0	0.0	0.0	0.0	0.0	0.0	0.0	0.0	0.0	0.0	0.0	0.0	0.0	0.0	0.0	0.0	0.0	0.0	0.0	0.0	0.0	0.0	0.0	annotation_contents_filtered.tsv
sequence_feature	0.0	0.0	0.0	0.0	0.0	0.0	0.0	0.0	0.0	0.0	0.0	0.0	0.0	0.0	0.0	0.0	76.0	426.0	0.0	0.0	0.0	0.0	0.0	0.0	0.0	0.0	0.0	0.0	0.0	0.0	0.0	0.0	0.0	0.0	0.0	0.0	0.0	0.0	0.0	0.0	0.0	0.0	0.0	0.0	0.0	0.0	0.0	0.0	0.0	0.0	0.0	0.0	0.0	0.0	0.0	0.0	0.0	annotation_contents_filtered.tsv
repeat_region	0.0	0.0	0.0	0.0	0.0	0.0	0.0	0.0	0.0	0.0	0.0	0.0	0.0	0.0	0.0	0.0	0.0	2.0	0.0	0.0	0.0	0.0	0.0	0.0	0.0	0.0	0.0	0.0	0.0	0.0	0.0	0.0	0.0	0.0	0.0	0.0	0.0	0.0	0.0	0.0	0.0	0.0	0.0	0.0	0.0	0.0	0.0	0.0	0.0	0.0	0.0	0.0	0.0	0.0	0.0	0.0	0.0	annotation_contents_filtered.tsv
Number of sequences:	70412	67020	59851	61279	61153	63131	62722	43332	97148	43129	124769	103768	102249	52701	108170	60607	56687	120351	59064	45998	97195	53879	59398	86342	53334	52455	52966	51826	52324	52557	53403	51048	50938	52658	50754	51551	52876	53409	52606	52057	52705	53089	54905	52715	51515	50343	52928	53192	51831	52913	52206	52059	49308	49243	84662	95221	68277	protein_contents_raw.tsv
Total sequence length:	23628252	21152405	20409724	19094010	19862161	18186390	17260975	16757821	32444950	17615210	40109787	35675730	35966006	17893939	36242910	26672186	23465247	51436379	22680403	18522846	37047281	19546199	20316234	36811269	19035062	19007726	18857366	18565665	18751969	18832894	19008345	18045238	18135746	19173258	18060870	18336909	18949395	18947476	18915463	18662316	18913948	19060766	19375265	18820555	18610201	17836182	18223996	18536020	18272758	18159854	18285232	18062958	19190531	18079093	29781471	34793774	21914446	protein_contents_raw.tsv
Average sequence length:	335.5713798784298	315.6133243807819	341.0089054485305	311.5914097814912	324.79454810066557	288.07384644627837	275.1980963617232	386.7308455644789	333.97445135257544	408.43075424888127	321.47237695260844	343.80281011487165	351.74922004127177	339.5369917079372	335.05509845613386	440.08424769416075	413.9440612486108	427.38638648619457	383.99707097385885	402.6880733944954	381.16447348114616	362.77954305016794	342.03565776625476	426.342556345695	356.9029512131098	362.36252025545707	356.027753653287	358.23071431327907	358.381794205336	358.332743497536	355.941520139318	353.4954944366087	356.03569044721036	364.10911922215047	355.8511644402412	355.70423464142306	358.37421514486726	354.76185661592615	359.5685473139946	358.497723649077	358.86439616734657	359.03418787319407	352.8870776796285	357.0246609124538	361.25790546442784	354.2931887253441	344.31673216444983	348.47383065122574	352.54496343886865	343.2021242416797	350.25154196835615	346.9708984037342	389.1971079743652	367.1403651280385	351.769046325388	365.4002163388328	320.9638091890388	protein_contents_raw.tsv
Std. dev. sequence length:	282.4206411870298	277.5219420055984	305.6538829127428	279.57294481829445	264.63711330480703	254.5165551437599	245.3971307008402	275.8210118687314	268.8189182443671	334.59902555939584	285.8753355779792	284.14020193368026	286.90863758085067	298.9515261907156	288.65924881548324	308.8047578994683	297.7685065099974	304.6751762974301	276.57310502044504	293.01595078899777	295.6408476603997	290.5403208600809	282.50511150445254	350.5544105034718	283.0204746551949	288.68075180380777	283.4313304758471	284.88946952696193	285.29335439847114	284.101913666903	282.3373634530666	280.41971744410483	283.2593181506093	289.3082209429453	281.2044446017766	280.8503787051455	285.57541023894913	282.9034328197358	285.28175840271405	283.6651745760653	285.5915829301927	288.34502031463575	281.66985681707564	283.2145336077961	286.6875023980191	280.26135141067834	274.92923261918065	275.80154599426737	276.92310971264095	272.6179897137388	277.6474001635628	274.2656941839188	303.8266084477858	287.010953391427	295.1925847336322	325.63124845609184	278.90276376862437	protein_contents_raw.tsv
Minimum sequence length:	26	1	1	33	10	49	49	30	49	51	49	49	49	33	33	25	25	25	50	49	100	49	49	40	35	49	34	46	35	49	39	34	49	49	49	49	34	36	49	33	45	49	49	35	49	46	28	24	23	26	24	49	9	16	35	37	27	protein_contents_raw.tsv
Maximum sequence length:	5364	5371	5371	5078	5076	4967	4115	5374	4154	5374	9613	5371	5371	5375	5375	5374	5364	5374	5403	5376	5364	5361	5363	5374	5360	5361	5360	5361	5361	5356	5364	5360	5360	5361	5361	5361	5364	5362	5312	5361	5364	5364	5077	5361	5361	5360	5367	5363	5367	5364	5363	5367	5374	5374	5401	5374	5364	protein_contents_raw.tsv
Median sequence length:	262.0	240.0	257.0	232.0	261.0	208.0	197.0	334.0	265.0	326.0	241.0	273.0	283.0	262.0	260.0	372.0	346.0	359.0	317.0	335.0	304.0	292.0	271.0	337.0	289.0	292.0	287.0	290.0	289.0	288.0	289.0	285.0	287.0	294.0	290.0	289.0	289.0	285.0	289.0	290.0	290.0	287.0	283.0	288.0	292.0	288.0	283.0	287.0	291.0	282.0	288.0	286.0	318.0	305.0	278.0	286.0	242.0	protein_contents_raw.tsv
N50 sequence index:	16183	14843	13090	13282	14380	13823	13605	11451	23051	10153	27679	24317	24188	11679	24286	16228	14892	31847	15456	11961	24226	12945	13901	19793	12992	12720	12822	12610	12665	12743	12978	12405	12341	12766	12409	12612	12809	12906	12728	12696	12793	12728	13263	12782	12535	12322	12804	12963	12717	12854	12725	12693	11942	12061	19697	21979	15279	protein_contents_raw.tsv
N50 sequence length:	469	448	483	456	450	408	388	487	455	541	453	472	480	487	477	528	508	518	475	499	483	482	469	555	473	480	474	472	475	476	473	468	472	483	470	470	476	474	481	475	475	480	467	474	478	468	467	472	471	462	471	468	511	488	477	484	458	protein_contents_raw.tsv
N95 sequence index:	56438	53003	47301	47952	48347	51241	51168	35589	78994	34663	100153	83532	82332	41115	85173	50773	47407	100758	49767	38274	81939	43722	47755	69513	43470	42736	43097	42252	42601	42822	43500	41613	41432	42915	41302	42039	42992	43459	42845	42474	42959	43164	44745	42947	41983	41007	42652	42928	41865	42804	42136	42057	39866	39906	68373	76933	54916	protein_contents_raw.tsv
N95 sequence length:	116	109	117	105	119	100	97	159	120	152	111	120	124	115	116	187	171	179	156	163	146	135	122	157	135	137	133	135	135	135	133	134	134	138	135	135	135	133	135	136	135	134	133	135	137	134	125	130	132	127	130	128	144	135	125	133	108	protein_contents_raw.tsv
Number of sequences:	60250	65439	58814	59254	54175	63131	62722	39696	96708	43070	124769	103731	102246	51245	105723	41359	43679	90785	59060	45960	57983	53879	59398	86338	53330	52455	52963	51824	52323	52557	53402	51047	50938	52658	50754	51551	52874	53408	52606	52055	52704	53089	54905	52713	51515	50342	52872	53133	51763	52848	52139	52059	49083	49108	84648	95205	61869	protein_contents_filtered.tsv
Total sequence length:	18825269	21103665	20376005	19011283	18536688	18186390	17260975	15306363	32309757	17602018	40109787	35669124	35965518	17833490	36142823	17343353	17493975	37303284	22679325	18510138	20109726	19546199	20316234	36811090	19034900	19007726	18857259	18565571	18751934	18832894	19008306	18045204	18135746	19173258	18060870	18336909	18949323	18947440	18915463	18662248	18913903	19060766	19375265	18820472	18610201	17836136	18221632	18533543	18269922	18157165	18282500	18062958	19182443	18073832	29780858	34792525	18953660	protein_contents_filtered.tsv
Average sequence length:	312.45259751037344	322.49369641956633	346.4482096099568	320.8438755189523	342.1631379787725	288.07384644627837	275.1980963617232	385.58955562273275	334.09601067129915	408.6839563501277	321.47237695260844	343.8617578158892	351.7547679126812	348.0044882427554	341.86338828826274	419.3368553398293	400.5122598960599	410.89699840281986	384.00482560108367	402.7445169712794	346.8210682441405	362.77954305016794	342.03565776625476	426.36023535407355	356.92668291768234	362.36252025545707	356.04589996790213	358.24272537820315	358.38797469564054	358.332743497536	355.9474551514925	353.50175328618724	356.03569044721036	364.10911922215047	355.8511644402412	355.70423464142306	358.38640919922835	354.76782504493707	359.5685473139946	358.51019114398235	358.87035139647844	359.03418787319407	352.8870776796285	357.03663232978585	361.25790546442784	354.29931270112434	344.63670752004845	348.81416445523496	352.9533064157796	343.5733613381774	350.6492261071367	346.9708984037342	390.8164333883422	368.04251853058565	351.81998393346566	365.4485058557849	306.35148458840456	protein_contents_filtered.tsv
Std. dev. sequence length:	269.21615665876374	277.2480628981538	305.55054270516666	279.7115304418697	269.049550152426	254.51655514375986	245.3971307008402	273.16132997445663	268.8849666684526	334.73158076121285	285.87533557797923	284.16326245756136	286.9101761560251	298.85701707447527	288.449676568545	292.60077873994885	281.2613902111331	289.94744747641704	276.5800005583382	293.07621181096636	277.65923749575103	290.5403208600809	282.50511150445254	350.55290783767464	283.01782051729896	288.68075180380777	283.42910149624856	284.8884056420926	285.2925777893337	284.101913666903	282.3366756861317	280.41889855251907	283.2593181506093	289.3082209429453	281.2044446017766	280.8503787051455	285.5739280847272	282.902718799585	285.28175840271405	283.66349249290175	285.5910198689101	288.34502031463575	281.66985681707564	283.2132347065023	286.6875023980191	280.26076666805176	274.8987824524695	275.76529127136985	276.87543316314674	272.57980057867303	277.60377704594475	274.2656941839188	303.57653195952435	286.887968638047	295.19041393737945	325.63509662275743	269.31743151045384	protein_contents_filtered.tsv
Minimum sequence length:	49	49	49	49	49	49	49	49	49	51	49	49	49	49	49	42	37	37	50	49	100	49	49	49	49	49	49	49	49	49	49	49	49	49	49	49	49	49	49	49	49	49	49	49	49	49	49	49	49	49	49	49	49	49	49	49	49	protein_contents_filtered.tsv
Maximum sequence length:	5364	5371	5371	5078	5076	4967	4115	5374	4154	5374	9613	5371	5371	5375	5375	5374	5364	5374	5403	5376	5364	5361	5363	5374	5360	5361	5360	5361	5361	5356	5364	5360	5360	5361	5361	5361	5364	5362	5312	5361	5364	5364	5077	5361	5361	5360	5367	5363	5367	5364	5363	5367	5374	5374	5401	5374	5364	protein_contents_filtered.tsv
Median sequence length:	234.0	247.0	262.0	242.0	278.0	208.0	197.0	333.0	265.0	327.0	241.0	273.0	283.0	272.0	267.0	357.0	338.0	346.0	317.0	335.0	267.0	292.0	271.0	337.0	289.0	292.0	287.0	290.0	289.0	288.0	289.0	285.0	287.0	294.0	290.0	289.0	289.0	285.0	289.0	290.0	290.0	287.0	283.0	288.0	292.0	288.5	283.0	288.0	291.0	282.0	289.0	286.0	320.0	306.0	278.0	286.0	224.0	protein_contents_filtered.tsv
N50 sequence index:	13583	14789	13056	13192	13115	13823	13605	10520	22948	10141	27679	24310	24188	11617	24182	11142	11675	24212	15455	11951	14022	12945	13901	19792	12991	12720	12822	12609	12665	12743	12978	12404	12341	12766	12409	12612	12809	12906	12728	12696	12793	12728	13263	12782	12535	12322	12801	12960	12714	12851	12722	12693	11934	12056	19696	21977	13669	protein_contents_filtered.tsv
N50 sequence length:	440	449	483	458	461	408	388	485	455	542	453	472	480	488	477	508	491	501	475	499	451	482	469	555	473	480	474	472	475	476	473	468	472	483	470	470	476	474	481	475	475	480	467	474	478	468	467	472	471	462	471	468	511	488	477	484	440	protein_contents_filtered.tsv
N95 sequence index:	48781	52587	47030	47224	43740	51241	51168	32675	78633	34614	100153	83502	82330	40625	84360	34637	36683	76146	49764	38240	49187	43722	47755	69512	43469	42736	43096	42251	42601	42822	43500	41613	41432	42915	41302	42039	42992	43458	42845	42474	42959	43164	44745	42946	41983	41007	42634	42910	41844	42784	42116	42057	39813	39869	68368	76926	50116	protein_contents_filtered.tsv
N95 sequence length:	107	111	119	110	126	100	97	158	120	152	111	120	124	119	118	177	167	172	156	163	131	135	122	157	135	137	133	135	135	135	133	134	134	138	135	135	135	133	135	136	135	134	133	135	137	134	125	130	132	127	130	128	145	136	125	133	103	protein_contents_filtered.tsv
Complete and single-copy BUSCOs (S)	3972	3503	3961	3993	2049	3010	2438	4164	1152	3609	524	573	522	4093	320	4240	4134	189	3984	3926	3738	4000	4067	331	4017	4064	4007	3975	4014	3969	3873	4024	4036	4035	4015	3985	3970	4043	4055	4015	4039	4050	3754	4004	4020	3999	4104	4090	4073	4061	4067	4093	4136	4125	498	1047	3935
Complete and duplicated BUSCOs (D)	420	711	500	429	1507	280	221	319	3052	372	4011	3962	4022	368	4209	332	433	4394	492	477	392	436	454	4214	445	442	445	439	456	460	558	450	445	438	439	458	433	447	445	455	439	427	566	438	450	438	411	429	437	408	452	417	394	386	3947	3513	416
Fragmented BUSCOs (F)	32	127	36	28	49	225	300	27	58	62	7	7	8	23	5	3	9	1	18	47	59	13	12	4	35	19	21	42	22	35	21	25	21	21	26	20	32	15	11	33	25	16	41	32	26	36	27	30	38	32	27	22	22	23	25	17	41
Missing BUSCOs (M)	172	255	99	146	991	1081	1637	86	334	553	54	54	44	112	62	21	20	12	102	146	407	147	63	47	99	71	123	140	104	132	144	97	94	102	116	133	161	91	85	93	93	103	235	122	100	123	54	47	48	95	50	64	44	62	126	19	204
Complete and single-copy BUSCOs (S) %	86.4	76.2	86.2	86.9	44.6	65.5	53.0	90.6	25.1	78.5	11.4	12.5	11.4	89.1	7.0	92.3	89.9	4.1	86.7	85.4	81.3	87.0	88.5	7.2	87.4	88.4	87.2	86.5	87.3	86.4	84.3	87.6	87.8	87.8	87.4	86.7	86.4	88.0	88.2	87.4	87.9	88.1	81.7	87.1	87.5	87.0	89.3	89.0	88.6	88.4	88.5	89.1	90.0	89.8	10.8	22.8	85.6
Complete and duplicated BUSCOs (D) %	9.1	15.5	10.9	9.3	32.8	6.1	4.8	6.9	66.4	8.1	87.3	86.2	87.5	8.0	91.6	7.2	9.4	95.6	10.7	10.4	8.5	9.5	9.9	91.7	9.7	9.6	9.7	9.6	9.9	10.0	12.1	9.8	9.7	9.5	9.6	10.0	9.4	9.7	9.7	9.9	9.6	9.3	12.3	9.5	9.8	9.5	8.9	9.3	9.5	8.9	9.8	9.1	8.6	8.4	85.9	76.4	9.1
Fragmented BUSCOs (F) %	0.7	2.8	0.8	0.6	1.1	4.9	6.5	0.6	1.3	1.3	0.2	0.2	0.2	0.5	0.1	0.1	0.2	0.0	0.4	1.0	1.3	0.3	0.3	0.1	0.8	0.4	0.5	0.9	0.5	0.8	0.5	0.5	0.5	0.5	0.6	0.4	0.7	0.3	0.2	0.7	0.5	0.3	0.9	0.7	0.6	0.8	0.6	0.7	0.8	0.7	0.6	0.5	0.5	0.5	0.5	0.4	0.9
Missing BUSCOs (M) %	3.7	5.5	2.2	3.2	21.6	23.5	35.6	1.9	7.3	12.0	1.2	1.2	1.0	2.4	1.3	0.5	0.4	0.3	2.2	3.2	8.9	3.2	1.4	1.0	2.2	1.5	2.7	3.0	2.3	2.9	3.1	2.1	2.0	2.2	2.5	2.9	3.5	2.0	1.8	2.0	2.0	2.2	5.1	2.7	2.2	2.7	1.2	1.0	1.0	2.1	1.1	1.4	1.0	1.3	2.7	0.4	4.4
Species	oleracea	nigra	nigra	napus	cretica	cretica	rapa	carinata	rapa	napus	carinata	carinata	rapa	napus	rapa	oleracea	napus	oleracea	rapa	oleracea	oleracea	oleracea	juncea	oleracea	oleracea	oleracea	oleracea	oleracea	oleracea	oleracea	oleracea	oleracea	oleracea	oleracea	oleracea	oleracea	oleracea	oleracea	oleracea	oleracea	oleracea	oleracea	oleracea	oleracea	oleracea	oleracea	oleracea	oleracea	oleracea	oleracea	oleracea	rapa	rapa	juncea	juncea	oleracea	
Variety	botrytis	nan	nan	nan	nan	nan	nan	nan	trilocularis	nan	nan	nan	nan	nan	nan	oleracea	nan	nan	nan	botrytis	botrytis	italica	nan	capitata	capitata	gongylodes	alboglabra	nan	costata	ramosa	nan	italica	alboglabra	botrytis	nan	nan	nan	nan	nan	gemmifera	nan	viridis	nan	botrytis	nan	nan	nan	nan	nan	nan	nan	chinensis	purpuraria	nan	nan	capitata	